#
# There is insufficient memory for the Java Runtime Environment to continue.
# Native memory allocation (malloc) failed to allocate 1902928 bytes. Error detail: Chunk::new
# Possible reasons:
#   The system is out of physical RAM or swap space
#   This process is running with CompressedOops enabled, and the Java Heap may be blocking the growth of the native heap
# Possible solutions:
#   Reduce memory load on the system
#   Increase physical memory or swap space
#   Check if swap backing store is full
#   Decrease Java heap size (-Xmx/-Xms)
#   Decrease number of Java threads
#   Decrease Java thread stack sizes (-Xss)
#   Set larger code cache with -XX:ReservedCodeCacheSize=
#   JVM is running with Zero Based Compressed Oops mode in which the Java heap is
#     placed in the first 32GB address space. The Java Heap base address is the
#     maximum limit for the native heap growth. Please use -XX:HeapBaseMinAddress
#     to set the Java Heap base and to place the Java Heap above 32GB virtual address.
# This output file may be truncated or incomplete.
#
#  Out of Memory Error (arena.cpp:191), pid=1556, tid=13688
#
# JRE version: OpenJDK Runtime Environment Microsoft-10376486 (17.0.13+11) (build 17.0.13+11-LTS)
# Java VM: OpenJDK 64-Bit Server VM Microsoft-10376486 (17.0.13+11-LTS, mixed mode, sharing, tiered, compressed oops, compressed class ptrs, g1 gc, windows-amd64)
# No core dump will be written. Minidumps are not enabled by default on client versions of Windows
#

---------------  S U M M A R Y ------------

Command Line: -XX:MaxMetaspaceSize=512m --add-opens=java.base/java.util=ALL-UNNAMED --add-opens=java.base/java.lang=ALL-UNNAMED --add-opens=java.base/java.lang.invoke=ALL-UNNAMED --add-opens=java.prefs/java.util.prefs=ALL-UNNAMED --add-opens=java.base/java.nio.charset=ALL-UNNAMED --add-opens=java.base/java.net=ALL-UNNAMED --add-opens=java.base/java.util.concurrent.atomic=ALL-UNNAMED -Xmx4096m -Dfile.encoding=windows-1252 -Duser.country=IN -Duser.language=en -Duser.variant -javaagent:C:\Users\mr_sa\.gradle\wrapper\dists\gradle-8.6-bin\afr5mpiioh2wthjmwnkmdsd5w\gradle-8.6\lib\agents\gradle-instrumentation-agent-8.6.jar org.gradle.launcher.daemon.bootstrap.GradleDaemon 8.6

Host: 11th Gen Intel(R) Core(TM) i7-11800H @ 2.30GHz, 16 cores, 15G,  Windows 11 , 64 bit Build 26100 (10.0.26100.8246)
Time: Fri May  1 12:28:34 2026 India Standard Time elapsed time: 235.142393 seconds (0d 0h 3m 55s)

---------------  T H R E A D  ---------------

Current thread (0x000001e277547e60):  JavaThread "C2 CompilerThread6" daemon [_thread_in_native, id=13688, stack(0x0000001514a00000,0x0000001514b00000)]


Current CompileTask:
C2: 235142 57651       4       com.android.tools.r8.internal.DX::a (604 bytes)

Stack: [0x0000001514a00000,0x0000001514b00000]
Native frames: (J=compiled Java code, j=interpreted, Vv=VM code, C=native code)
V  [jvm.dll+0x687fc9]
V  [jvm.dll+0x83eeb8]
V  [jvm.dll+0x840963]
V  [jvm.dll+0x840fd3]
V  [jvm.dll+0x24951f]
V  [jvm.dll+0xad0c4]
V  [jvm.dll+0xad75c]
V  [jvm.dll+0x36aafe]
V  [jvm.dll+0x335153]
V  [jvm.dll+0x3345ea]
V  [jvm.dll+0x21a748]
V  [jvm.dll+0x219b7f]
V  [jvm.dll+0x1a5506]
V  [jvm.dll+0x22a1ca]
V  [jvm.dll+0x22830b]
V  [jvm.dll+0x7f4708]
V  [jvm.dll+0x7eea6c]
V  [jvm.dll+0x686ea7]
C  [ucrtbase.dll+0x37b0]
C  [KERNEL32.DLL+0x2e8d7]
C  [ntdll.dll+0x8c3fc]


---------------  P R O C E S S  ---------------

Threads class SMR info:
_java_thread_list=0x000001e27593a190, length=305, elements={
0x000001e2227a89c0, 0x000001e245807b00, 0x000001e2458084d0, 0x000001e245823c00,
0x000001e2458244d0, 0x000001e245824da0, 0x000001e245825670, 0x000001e24582b2a0,
0x000001e24582bbb0, 0x000001e245836910, 0x000001e24659ce70, 0x000001e2466e1250,
0x000001e268294470, 0x000001e2678c56f0, 0x000001e26800b7d0, 0x000001e26814f0a0,
0x000001e268a8f830, 0x000001e2681a3320, 0x000001e2681a19d0, 0x000001e2681a1ee0,
0x000001e2681a2900, 0x000001e2681a14c0, 0x000001e2681a2e10, 0x000001e2681a3d40,
0x000001e2681a0590, 0x000001e2681a0aa0, 0x000001e2681a0fb0, 0x000001e268000fb0,
0x000001e267fff150, 0x000001e267ffec40, 0x000001e2680019d0, 0x000001e268000080,
0x000001e267fffb70, 0x000001e268000aa0, 0x000001e268000590, 0x000001e2680023f0,
0x000001e268002900, 0x000001e268002e10, 0x000001e267fff660, 0x000001e2680060b0,
0x000001e268003320, 0x000001e268005180, 0x000001e268005690, 0x000001e2680065c0,
0x000001e268005ba0, 0x000001e268003830, 0x000001e268004760, 0x000001e268003d40,
0x000001e268004250, 0x000001e268004c70, 0x000001e267550990, 0x000001e26754fa60,
0x000001e26754ff70, 0x000001e267550480, 0x000001e26754dc00, 0x000001e26754d1e0,
0x000001e26754d6f0, 0x000001e26754e620, 0x000001e267550ea0, 0x000001e26754eb30,
0x000001e2675513b0, 0x000001e2675518c0, 0x000001e267551dd0, 0x000001e2675527f0,
0x000001e26754f550, 0x000001e267553210, 0x000001e267553720, 0x000001e267553c30,
0x000001e267554140, 0x000001e267554650, 0x000001e267554b60, 0x000001e26868e4b0,
0x000001e268690820, 0x000001e26868f3e0, 0x000001e268690d30, 0x000001e26868d580,
0x000001e26868eed0, 0x000001e26868f8f0, 0x000001e26868fe00, 0x000001e268691240,
0x000001e26868da90, 0x000001e268693fd0, 0x000001e2686935b0, 0x000001e268692170,
0x000001e268692680, 0x000001e268691c60, 0x000001e2686944e0, 0x000001e268692b90,
0x000001e2686949f0, 0x000001e2686930a0, 0x000001e268694f00, 0x000001e268691750,
0x000001e268693ac0, 0x000001e2676fa740, 0x000001e2676f9d20, 0x000001e2676fbb80,
0x000001e2676f9810, 0x000001e2676fac50, 0x000001e2676fa230, 0x000001e2676f88e0,
0x000001e2676f83d0, 0x000001e2676fb160, 0x000001e2676f9300, 0x000001e2676fb670,
0x000001e2676f8df0, 0x000001e26c5c1df0, 0x000001e26c5c2810, 0x000001e26c5bf060,
0x000001e26c5c2300, 0x000001e26c5c04a0, 0x000001e26c5c2d20, 0x000001e26c5c09b0,
0x000001e26c5bf570, 0x000001e26c5c3230, 0x000001e26c5c0ec0, 0x000001e26c5c13d0,
0x000001e26c5c18e0, 0x000001e26c5bfa80, 0x000001e26c5c3740, 0x000001e26c5bff90,
0x000001e26c5c69e0, 0x000001e26c5c55a0, 0x000001e26c5c5ab0, 0x000001e26c5c3c50,
0x000001e26c5c64d0, 0x000001e26c5c5fc0, 0x000001e26c5c4160, 0x000001e26c5c4670,
0x000001e26c5c4b80, 0x000001e26c5c5090, 0x000001e26d1fc4a0, 0x000001e26d1fddf0,
0x000001e26d1fc9b0, 0x000001e26d1fd8e0, 0x000001e26d1fe810, 0x000001e26d1fe300,
0x000001e26d1fb060, 0x000001e26d1fed20, 0x000001e26d1fb570, 0x000001e26d1fd3d0,
0x000001e26d1fcec0, 0x000001e26d1ff230, 0x000001e26d201090, 0x000001e26d200670,
0x000001e26d2029e0, 0x000001e26d2015a0, 0x000001e26beb8ff0, 0x000001e26bebc7a0,
0x000001e26bebb360, 0x000001e26bebb870, 0x000001e26bebae50, 0x000001e26bebbd80,
0x000001e26bebc290, 0x000001e26beb8ae0, 0x000001e26bebccb0, 0x000001e26beba430,
0x000001e26bebd1c0, 0x000001e26beb9a10, 0x000001e26bebd6d0, 0x000001e26beb9f20,
0x000001e26bebf530, 0x000001e26bebfa40, 0x000001e26bebff50, 0x000001e26bebe600,
0x000001e26bebdbe0, 0x000001e26bebe0f0, 0x000001e26bec0460, 0x000001e2681a3830,
0x000001e26f57c4b0, 0x000001e26f57b070, 0x000001e26f57b580, 0x000001e26f57bfa0,
0x000001e26f57d8f0, 0x000001e26f57e310, 0x000001e26f57de00, 0x000001e26f57c9c0,
0x000001e26f57ced0, 0x000001e26f57d3e0, 0x000001e26f57fc60, 0x000001e26f580170,
0x000001e26f580680, 0x000001e26f581fd0, 0x000001e26f5815b0, 0x000001e26f580b90,
0x000001e26f5829f0, 0x000001e26f581ac0, 0x000001e26f5824e0, 0x000001e26f5810a0,
0x000001e26d71fb40, 0x000001e26d71d2c0, 0x000001e26d71d7d0, 0x000001e26d71e1f0,
0x000001e26d71c8a0, 0x000001e26d720f80, 0x000001e26d721490, 0x000001e26d7219a0,
0x000001e26d721eb0, 0x000001e26d7228d0, 0x000001e26d71f120, 0x000001e26d722de0,
0x000001e26d724220, 0x000001e26d723d10, 0x000001e26d7232f0, 0x000001e26d723800,
0x000001e26f57ba90, 0x000001e2681a23f0, 0x000001e26868dfa0, 0x000001e26901f4a0,
0x000001e269021300, 0x000001e26901f9b0, 0x000001e26901fec0, 0x000001e26901e060,
0x000001e26901ef90, 0x000001e269021d20, 0x000001e269020df0, 0x000001e2690203d0,
0x000001e269021810, 0x000001e26901e570, 0x000001e269022230, 0x000001e26901ea80,
0x000001e269024090, 0x000001e269023670, 0x000001e269024fc0, 0x000001e269022740,
0x000001e2690254d0, 0x000001e269026400, 0x000001e269025ef0, 0x000001e269022c50,
0x000001e269026910, 0x000001e2690245a0, 0x000001e269024ab0, 0x000001e26902a5d0,
0x000001e269027840, 0x000001e269028c80, 0x000001e26902aff0, 0x000001e2690296a0,
0x000001e26902bf20, 0x000001e26902c430, 0x000001e26902c940, 0x000001e26902d870,
0x000001e26902ce50, 0x000001e26d71f630, 0x000001e26f57f750, 0x000001e275c3bf40,
0x000001e275c391b0, 0x000001e275c3c450, 0x000001e275c3b520, 0x000001e275c3ba30,
0x000001e275c3c960, 0x000001e275c3a0e0, 0x000001e275c3a5f0, 0x000001e275c396c0,
0x000001e275c3ab00, 0x000001e275c3d380, 0x000001e275c39bd0, 0x000001e275c3d890,
0x000001e275c3dda0, 0x000001e275c3e2b0, 0x000001e275c3e7c0, 0x000001e275c3b010,
0x000001e275c40620, 0x000001e275c3f1e0, 0x000001e275c41a60, 0x000001e275c40110,
0x000001e275c40b30, 0x000001e275c3ecd0, 0x000001e275c46650, 0x000001e275c438c0,
0x000001e275c46140, 0x000001e275c45c30, 0x000001e275c42ea0, 0x000001e275c433b0,
0x000001e275c45720, 0x000001e275c43dd0, 0x000001e275c46b60, 0x000001e275c47070,
0x000001e275c47580, 0x000001e275c45210, 0x000001e275c47a90, 0x000001e275c442e0,
0x000001e275c47fa0, 0x000001e275c3ce70, 0x000001e275c3f6f0, 0x000001e275c489c0,
0x000001e279b77cd0, 0x000001e279b74a30, 0x000001e279b74f40, 0x000001e279b74520,
0x000001e279b772b0, 0x000001e275486400, 0x000001e279b79b30, 0x000001e26c38f090,
0x000001e279b7cdd0, 0x000001e279b7dd00, 0x000001e279b80070, 0x000001e279b7e720,
0x000001e277541ec0, 0x000001e277542eb0, 0x000001e2775443f0, 0x000001e277545930,
0x000001e277545e80, 0x000001e277546920, 0x000001e279b828f0, 0x000001e277547e60,
0x000001e2775463d0
}

Java Threads: ( => current thread )
  0x000001e2227a89c0 JavaThread "main" [_thread_blocked, id=11100, stack(0x0000001503f00000,0x0000001504000000)]
  0x000001e245807b00 JavaThread "Reference Handler" daemon [_thread_blocked, id=21204, stack(0x0000001504600000,0x0000001504700000)]
  0x000001e2458084d0 JavaThread "Finalizer" daemon [_thread_blocked, id=23076, stack(0x0000001504700000,0x0000001504800000)]
  0x000001e245823c00 JavaThread "Signal Dispatcher" daemon [_thread_blocked, id=20544, stack(0x0000001504800000,0x0000001504900000)]
  0x000001e2458244d0 JavaThread "Attach Listener" daemon [_thread_blocked, id=22312, stack(0x0000001504900000,0x0000001504a00000)]
  0x000001e245824da0 JavaThread "Service Thread" daemon [_thread_blocked, id=4680, stack(0x0000001504a00000,0x0000001504b00000)]
  0x000001e245825670 JavaThread "Monitor Deflation Thread" daemon [_thread_blocked, id=23124, stack(0x0000001504b00000,0x0000001504c00000)]
  0x000001e24582b2a0 JavaThread "C2 CompilerThread0" daemon [_thread_in_native, id=14944, stack(0x0000001504c00000,0x0000001504d00000)]
  0x000001e24582bbb0 JavaThread "C1 CompilerThread0" daemon [_thread_in_native, id=23724, stack(0x0000001504d00000,0x0000001504e00000)]
  0x000001e245836910 JavaThread "Sweeper thread" daemon [_thread_in_vm, id=22808, stack(0x0000001504e00000,0x0000001504f00000)]
  0x000001e24659ce70 JavaThread "Common-Cleaner" daemon [_thread_blocked, id=24300, stack(0x0000001504f00000,0x0000001505000000)]
  0x000001e2466e1250 JavaThread "Notification Thread" daemon [_thread_blocked, id=24792, stack(0x0000001505400000,0x0000001505500000)]
  0x000001e268294470 JavaThread "Daemon health stats" [_thread_blocked, id=19688, stack(0x0000001505d00000,0x0000001505e00000)]
  0x000001e2678c56f0 JavaThread "Incoming local TCP Connector on port 64852" [_thread_in_native, id=24392, stack(0x0000001505e00000,0x0000001505f00000)]
  0x000001e26800b7d0 JavaThread "Daemon periodic checks" [_thread_blocked, id=17296, stack(0x0000001505f00000,0x0000001506000000)]
  0x000001e26814f0a0 JavaThread "Daemon" [_thread_blocked, id=10288, stack(0x0000001506000000,0x0000001506100000)]
  0x000001e268a8f830 JavaThread "Handler for socket connection from /127.0.0.1:64852 to /127.0.0.1:64853" [_thread_in_native, id=21936, stack(0x0000001506100000,0x0000001506200000)]
  0x000001e2681a3320 JavaThread "Cancel handler" [_thread_blocked, id=23920, stack(0x0000001506200000,0x0000001506300000)]
  0x000001e2681a19d0 JavaThread "Daemon worker" [_thread_blocked, id=21724, stack(0x0000001506300000,0x0000001506400000)]
  0x000001e2681a1ee0 JavaThread "Asynchronous log dispatcher for DefaultDaemonConnection: socket connection from /127.0.0.1:64852 to /127.0.0.1:64853" [_thread_blocked, id=22400, stack(0x0000001506400000,0x0000001506500000)]
  0x000001e2681a2900 JavaThread "Daemon client event forwarder" [_thread_blocked, id=10904, stack(0x0000001506600000,0x0000001506700000)]
  0x000001e2681a14c0 JavaThread "Cache worker for journal cache (C:\Users\mr_sa\.gradle\caches\journal-1)" [_thread_blocked, id=21932, stack(0x0000001506700000,0x0000001506800000)]
  0x000001e2681a2e10 JavaThread "File lock request listener" [_thread_in_native, id=20308, stack(0x0000001506800000,0x0000001506900000)]
  0x000001e2681a3d40 JavaThread "Cache worker for file hash cache (C:\Users\mr_sa\.gradle\caches\8.6\fileHashes)" [_thread_blocked, id=13788, stack(0x0000001506900000,0x0000001506a00000)]
  0x000001e2681a0590 JavaThread "File watcher server" daemon [_thread_in_native, id=18132, stack(0x0000001505700000,0x0000001505800000)]
  0x000001e2681a0aa0 JavaThread "File watcher consumer" daemon [_thread_blocked, id=24724, stack(0x0000001506a00000,0x0000001506b00000)]
  0x000001e2681a0fb0 JavaThread "Cache worker for checksums cache (F:\react-netive\MyNewProject\android\.gradle\8.6\checksums)" [_thread_blocked, id=15876, stack(0x0000001507400000,0x0000001507500000)]
  0x000001e268000fb0 JavaThread "Cache worker for file hash cache (F:\react-netive\MyNewProject\android\.gradle\8.6\fileHashes)" [_thread_blocked, id=12776, stack(0x0000001507500000,0x0000001507600000)]
  0x000001e267fff150 JavaThread "Cache worker for cache directory md-supplier (C:\Users\mr_sa\.gradle\caches\8.6\md-supplier)" [_thread_blocked, id=21624, stack(0x0000001507600000,0x0000001507700000)]
  0x000001e267ffec40 JavaThread "Cache worker for cache directory md-rule (C:\Users\mr_sa\.gradle\caches\8.6\md-rule)" [_thread_blocked, id=8484, stack(0x0000001507700000,0x0000001507800000)]
  0x000001e2680019d0 JavaThread "Cache worker for file content cache (C:\Users\mr_sa\.gradle\caches\8.6\fileContent)" [_thread_blocked, id=6220, stack(0x0000001507800000,0x0000001507900000)]
  0x000001e268000080 JavaThread "jar transforms" [_thread_blocked, id=23292, stack(0x0000001507c00000,0x0000001507d00000)]
  0x000001e267fffb70 JavaThread "jar transforms Thread 2" [_thread_blocked, id=9904, stack(0x0000001507d00000,0x0000001507e00000)]
  0x000001e268000aa0 JavaThread "jar transforms Thread 3" [_thread_blocked, id=12552, stack(0x0000001507e00000,0x0000001507f00000)]
  0x000001e268000590 JavaThread "jar transforms Thread 4" [_thread_blocked, id=20108, stack(0x0000001507f00000,0x0000001508000000)]
  0x000001e2680023f0 JavaThread "Exec process" [_thread_blocked, id=13076, stack(0x0000001508000000,0x0000001508100000)]
  0x000001e268002900 JavaThread "Exec process Thread 2" [_thread_blocked, id=11764, stack(0x0000001508100000,0x0000001508200000)]
  0x000001e268002e10 JavaThread "Exec process Thread 3" [_thread_blocked, id=25044, stack(0x0000001508200000,0x0000001508300000)]
  0x000001e267fff660 JavaThread "jar transforms Thread 5" [_thread_blocked, id=19260, stack(0x0000001505300000,0x0000001505400000)]
  0x000001e2680060b0 JavaThread "jar transforms Thread 6" [_thread_blocked, id=20104, stack(0x0000001505600000,0x0000001505700000)]
  0x000001e268003320 JavaThread "Unconstrained build operations" [_thread_blocked, id=23284, stack(0x0000001507900000,0x0000001507a00000)]
  0x000001e268005180 JavaThread "Unconstrained build operations Thread 2" [_thread_blocked, id=6044, stack(0x0000001507a00000,0x0000001507b00000)]
  0x000001e268005690 JavaThread "jar transforms Thread 7" [_thread_blocked, id=19268, stack(0x0000001507b00000,0x0000001507c00000)]
  0x000001e2680065c0 JavaThread "jar transforms Thread 8" [_thread_blocked, id=23560, stack(0x0000001508300000,0x0000001508400000)]
  0x000001e268005ba0 JavaThread "Cache worker for Build Output Cleanup Cache (F:\react-netive\MyNewProject\node_modules\@react-native\gradle-plugin\.gradle\buildOutputCleanup)" [_thread_blocked, id=19384, stack(0x0000001505200000,0x0000001505300000)]
  0x000001e268003830 JavaThread "jar transforms Thread 9" [_thread_blocked, id=14272, stack(0x0000001505100000,0x0000001505200000)]
  0x000001e268004760 JavaThread "jar transforms Thread 10" [_thread_blocked, id=25316, stack(0x0000001508600000,0x0000001508700000)]
  0x000001e268003d40 JavaThread "Unconstrained build operations Thread 3" [_thread_blocked, id=25048, stack(0x0000001508900000,0x0000001508a00000)]
  0x000001e268004250 JavaThread "Unconstrained build operations Thread 4" [_thread_blocked, id=6696, stack(0x0000001508a00000,0x0000001508b00000)]
  0x000001e268004c70 JavaThread "Unconstrained build operations Thread 5" [_thread_blocked, id=24940, stack(0x0000001508b00000,0x0000001508c00000)]
  0x000001e267550990 JavaThread "Unconstrained build operations Thread 6" [_thread_blocked, id=23752, stack(0x0000001508c00000,0x0000001508d00000)]
  0x000001e26754fa60 JavaThread "Unconstrained build operations Thread 7" [_thread_blocked, id=2924, stack(0x0000001508d00000,0x0000001508e00000)]
  0x000001e26754ff70 JavaThread "Unconstrained build operations Thread 8" [_thread_blocked, id=21364, stack(0x0000001508e00000,0x0000001508f00000)]
  0x000001e267550480 JavaThread "Unconstrained build operations Thread 9" [_thread_blocked, id=24364, stack(0x0000001508f00000,0x0000001509000000)]
  0x000001e26754dc00 JavaThread "Unconstrained build operations Thread 10" [_thread_blocked, id=6528, stack(0x0000001509000000,0x0000001509100000)]
  0x000001e26754d1e0 JavaThread "Unconstrained build operations Thread 11" [_thread_blocked, id=7256, stack(0x0000001509100000,0x0000001509200000)]
  0x000001e26754d6f0 JavaThread "Unconstrained build operations Thread 12" [_thread_blocked, id=7360, stack(0x0000001509200000,0x0000001509300000)]
  0x000001e26754e620 JavaThread "Unconstrained build operations Thread 13" [_thread_blocked, id=3772, stack(0x0000001509300000,0x0000001509400000)]
  0x000001e267550ea0 JavaThread "Unconstrained build operations Thread 14" [_thread_blocked, id=7000, stack(0x0000001509400000,0x0000001509500000)]
  0x000001e26754eb30 JavaThread "Unconstrained build operations Thread 15" [_thread_blocked, id=13916, stack(0x0000001509500000,0x0000001509600000)]
  0x000001e2675513b0 JavaThread "Unconstrained build operations Thread 16" [_thread_blocked, id=20704, stack(0x0000001509600000,0x0000001509700000)]
  0x000001e2675518c0 JavaThread "Unconstrained build operations Thread 17" [_thread_blocked, id=8284, stack(0x0000001509700000,0x0000001509800000)]
  0x000001e267551dd0 JavaThread "build event listener" [_thread_blocked, id=25496, stack(0x0000001509b00000,0x0000001509c00000)]
  0x000001e2675527f0 JavaThread "Memory manager" [_thread_blocked, id=21256, stack(0x0000001509c00000,0x0000001509d00000)]
  0x000001e26754f550 JavaThread "jar transforms Thread 11" [_thread_blocked, id=24780, stack(0x0000001509a00000,0x0000001509b00000)]
  0x000001e267553210 JavaThread "jar transforms Thread 12" [_thread_blocked, id=23840, stack(0x0000001509d00000,0x0000001509e00000)]
  0x000001e267553720 JavaThread "jar transforms Thread 13" [_thread_blocked, id=23892, stack(0x0000001509e00000,0x0000001509f00000)]
  0x000001e267553c30 JavaThread "Cache worker for Build Output Cleanup Cache (F:\react-netive\MyNewProject\android\.gradle\buildOutputCleanup)" [_thread_blocked, id=15964, stack(0x0000001509f00000,0x000000150a000000)]
  0x000001e267554140 JavaThread "ForkJoinPool.commonPool-worker-1" daemon [_thread_blocked, id=20504, stack(0x000000150a000000,0x000000150a100000)]
  0x000001e267554650 JavaThread "ForkJoinPool.commonPool-worker-2" daemon [_thread_blocked, id=3508, stack(0x000000150a100000,0x000000150a200000)]
  0x000001e267554b60 JavaThread "ForkJoinPool.commonPool-worker-3" daemon [_thread_blocked, id=20840, stack(0x000000150a200000,0x000000150a300000)]
  0x000001e26868e4b0 JavaThread "ForkJoinPool.commonPool-worker-5" daemon [_thread_blocked, id=14256, stack(0x000000150a400000,0x000000150a500000)]
  0x000001e268690820 JavaThread "ForkJoinPool.commonPool-worker-6" daemon [_thread_blocked, id=6748, stack(0x000000150a500000,0x000000150a600000)]
  0x000001e26868f3e0 JavaThread "ForkJoinPool.commonPool-worker-8" daemon [_thread_blocked, id=24212, stack(0x000000150a700000,0x000000150a800000)]
  0x000001e268690d30 JavaThread "ForkJoinPool.commonPool-worker-10" daemon [_thread_blocked, id=25240, stack(0x000000150a900000,0x000000150aa00000)]
  0x000001e26868d580 JavaThread "included builds" [_thread_blocked, id=13792, stack(0x0000001508800000,0x0000001508900000)]
  0x000001e26868eed0 JavaThread "Execution worker" [_thread_blocked, id=23116, stack(0x0000001509800000,0x0000001509900000)]
  0x000001e26868f8f0 JavaThread "Execution worker Thread 2" [_thread_blocked, id=24368, stack(0x0000001509900000,0x0000001509a00000)]
  0x000001e26868fe00 JavaThread "Execution worker Thread 3" [_thread_blocked, id=15144, stack(0x000000150aa00000,0x000000150ab00000)]
  0x000001e268691240 JavaThread "Execution worker Thread 4" [_thread_blocked, id=8340, stack(0x000000150ab00000,0x000000150ac00000)]
  0x000001e26868da90 JavaThread "Execution worker Thread 5" [_thread_blocked, id=10180, stack(0x000000150ac00000,0x000000150ad00000)]
  0x000001e268693fd0 JavaThread "Execution worker Thread 6" [_thread_blocked, id=25236, stack(0x000000150ad00000,0x000000150ae00000)]
  0x000001e2686935b0 JavaThread "Execution worker Thread 7" [_thread_blocked, id=21760, stack(0x000000150ae00000,0x000000150af00000)]
  0x000001e268692170 JavaThread "Execution worker Thread 8" [_thread_blocked, id=18708, stack(0x000000150af00000,0x000000150b000000)]
  0x000001e268692680 JavaThread "Execution worker Thread 9" [_thread_blocked, id=13212, stack(0x000000150b000000,0x000000150b100000)]
  0x000001e268691c60 JavaThread "Execution worker Thread 10" [_thread_blocked, id=7260, stack(0x000000150b100000,0x000000150b200000)]
  0x000001e2686944e0 JavaThread "Execution worker Thread 11" [_thread_blocked, id=17760, stack(0x000000150b200000,0x000000150b300000)]
  0x000001e268692b90 JavaThread "Execution worker Thread 12" [_thread_blocked, id=7272, stack(0x000000150b300000,0x000000150b400000)]
  0x000001e2686949f0 JavaThread "Execution worker Thread 13" [_thread_blocked, id=2676, stack(0x000000150b400000,0x000000150b500000)]
  0x000001e2686930a0 JavaThread "Execution worker Thread 14" [_thread_blocked, id=5884, stack(0x000000150b500000,0x000000150b600000)]
  0x000001e268694f00 JavaThread "Execution worker Thread 15" [_thread_blocked, id=17972, stack(0x000000150b600000,0x000000150b700000)]
  0x000001e268691750 JavaThread "Cache worker for execution history cache (F:\react-netive\MyNewProject\node_modules\@react-native\gradle-plugin\.gradle\8.6\executionHistory)" [_thread_blocked, id=3224, stack(0x000000150b700000,0x000000150b800000)]
  0x000001e268693ac0 JavaThread "Unconstrained build operations Thread 18" [_thread_blocked, id=15852, stack(0x0000001508700000,0x0000001508800000)]
  0x000001e2676fa740 JavaThread "Unconstrained build operations Thread 19" [_thread_blocked, id=23348, stack(0x000000150b800000,0x000000150b900000)]
  0x000001e2676f9d20 JavaThread "Unconstrained build operations Thread 20" [_thread_blocked, id=7268, stack(0x000000150b900000,0x000000150ba00000)]
  0x000001e2676fbb80 JavaThread "Unconstrained build operations Thread 21" [_thread_blocked, id=13200, stack(0x000000150ba00000,0x000000150bb00000)]
  0x000001e2676f9810 JavaThread "Unconstrained build operations Thread 22" [_thread_blocked, id=19896, stack(0x000000150bb00000,0x000000150bc00000)]
  0x000001e2676fac50 JavaThread "Unconstrained build operations Thread 23" [_thread_blocked, id=15324, stack(0x000000150bc00000,0x000000150bd00000)]
  0x000001e2676fa230 JavaThread "Unconstrained build operations Thread 24" [_thread_blocked, id=13092, stack(0x000000150bd00000,0x000000150be00000)]
  0x000001e2676f88e0 JavaThread "Unconstrained build operations Thread 25" [_thread_blocked, id=7792, stack(0x000000150be00000,0x000000150bf00000)]
  0x000001e2676f83d0 JavaThread "Unconstrained build operations Thread 26" [_thread_blocked, id=6880, stack(0x000000150bf00000,0x000000150c000000)]
  0x000001e2676fb160 JavaThread "Unconstrained build operations Thread 27" [_thread_blocked, id=6052, stack(0x000000150c000000,0x000000150c100000)]
  0x000001e2676f9300 JavaThread "Unconstrained build operations Thread 28" [_thread_blocked, id=6924, stack(0x000000150c100000,0x000000150c200000)]
  0x000001e2676fb670 JavaThread "Unconstrained build operations Thread 29" [_thread_blocked, id=6996, stack(0x000000150c200000,0x000000150c300000)]
  0x000001e2676f8df0 JavaThread "Unconstrained build operations Thread 30" [_thread_blocked, id=6048, stack(0x000000150c300000,0x000000150c400000)]
  0x000001e26c5c1df0 JavaThread "Unconstrained build operations Thread 31" [_thread_blocked, id=6812, stack(0x000000150c400000,0x000000150c500000)]
  0x000001e26c5c2810 JavaThread "Unconstrained build operations Thread 32" [_thread_blocked, id=11584, stack(0x000000150c500000,0x000000150c600000)]
  0x000001e26c5bf060 JavaThread "Unconstrained build operations Thread 33" [_thread_blocked, id=10136, stack(0x000000150c700000,0x000000150c800000)]
  0x000001e26c5c2300 JavaThread "Unconstrained build operations Thread 34" [_thread_blocked, id=20948, stack(0x000000150c800000,0x000000150c900000)]
  0x000001e26c5c04a0 JavaThread "Unconstrained build operations Thread 35" [_thread_blocked, id=2800, stack(0x000000150c900000,0x000000150ca00000)]
  0x000001e26c5c2d20 JavaThread "Unconstrained build operations Thread 36" [_thread_blocked, id=22056, stack(0x000000150ca00000,0x000000150cb00000)]
  0x000001e26c5c09b0 JavaThread "Unconstrained build operations Thread 37" [_thread_blocked, id=23160, stack(0x000000150cb00000,0x000000150cc00000)]
  0x000001e26c5bf570 JavaThread "Unconstrained build operations Thread 38" [_thread_blocked, id=10976, stack(0x000000150cc00000,0x000000150cd00000)]
  0x000001e26c5c3230 JavaThread "Unconstrained build operations Thread 39" [_thread_blocked, id=7192, stack(0x000000150cd00000,0x000000150ce00000)]
  0x000001e26c5c0ec0 JavaThread "Unconstrained build operations Thread 40" [_thread_blocked, id=6968, stack(0x000000150ce00000,0x000000150cf00000)]
  0x000001e26c5c13d0 JavaThread "Unconstrained build operations Thread 41" [_thread_blocked, id=13904, stack(0x000000150cf00000,0x000000150d000000)]
  0x000001e26c5c18e0 JavaThread "Unconstrained build operations Thread 42" [_thread_blocked, id=6688, stack(0x000000150d000000,0x000000150d100000)]
  0x000001e26c5bfa80 JavaThread "Unconstrained build operations Thread 43" [_thread_blocked, id=6524, stack(0x000000150d100000,0x000000150d200000)]
  0x000001e26c5c3740 JavaThread "Unconstrained build operations Thread 44" [_thread_blocked, id=19884, stack(0x000000150d200000,0x000000150d300000)]
  0x000001e26c5bff90 JavaThread "Unconstrained build operations Thread 45" [_thread_blocked, id=6472, stack(0x000000150d300000,0x000000150d400000)]
  0x000001e26c5c69e0 JavaThread "Unconstrained build operations Thread 46" [_thread_blocked, id=10196, stack(0x000000150d400000,0x000000150d500000)]
  0x000001e26c5c55a0 JavaThread "Unconstrained build operations Thread 47" [_thread_blocked, id=18336, stack(0x000000150d500000,0x000000150d600000)]
  0x000001e26c5c5ab0 JavaThread "Unconstrained build operations Thread 48" [_thread_blocked, id=23268, stack(0x000000150d700000,0x000000150d800000)]
  0x000001e26c5c3c50 JavaThread "Unconstrained build operations Thread 49" [_thread_blocked, id=13932, stack(0x000000150d800000,0x000000150d900000)]
  0x000001e26c5c64d0 JavaThread "Unconstrained build operations Thread 50" [_thread_blocked, id=14088, stack(0x000000150d900000,0x000000150da00000)]
  0x000001e26c5c5fc0 JavaThread "Unconstrained build operations Thread 51" [_thread_blocked, id=15664, stack(0x000000150da00000,0x000000150db00000)]
  0x000001e26c5c4160 JavaThread "Unconstrained build operations Thread 52" [_thread_blocked, id=8440, stack(0x000000150db00000,0x000000150dc00000)]
  0x000001e26c5c4670 JavaThread "Unconstrained build operations Thread 53" [_thread_blocked, id=20180, stack(0x000000150dc00000,0x000000150dd00000)]
  0x000001e26c5c4b80 JavaThread "Unconstrained build operations Thread 54" [_thread_blocked, id=6664, stack(0x000000150dd00000,0x000000150de00000)]
  0x000001e26c5c5090 JavaThread "Unconstrained build operations Thread 55" [_thread_blocked, id=25152, stack(0x000000150de00000,0x000000150df00000)]
  0x000001e26d1fc4a0 JavaThread "Unconstrained build operations Thread 56" [_thread_blocked, id=7392, stack(0x000000150df00000,0x000000150e000000)]
  0x000001e26d1fddf0 JavaThread "Unconstrained build operations Thread 57" [_thread_blocked, id=22396, stack(0x000000150e000000,0x000000150e100000)]
  0x000001e26d1fc9b0 JavaThread "Unconstrained build operations Thread 58" [_thread_blocked, id=10876, stack(0x000000150e100000,0x000000150e200000)]
  0x000001e26d1fd8e0 JavaThread "Unconstrained build operations Thread 59" [_thread_blocked, id=6868, stack(0x000000150e200000,0x000000150e300000)]
  0x000001e26d1fe810 JavaThread "Unconstrained build operations Thread 60" [_thread_blocked, id=10972, stack(0x000000150e300000,0x000000150e400000)]
  0x000001e26d1fe300 JavaThread "Unconstrained build operations Thread 61" [_thread_blocked, id=16916, stack(0x000000150e400000,0x000000150e500000)]
  0x000001e26d1fb060 JavaThread "Unconstrained build operations Thread 62" [_thread_blocked, id=7156, stack(0x000000150e500000,0x000000150e600000)]
  0x000001e26d1fed20 JavaThread "Unconstrained build operations Thread 63" [_thread_blocked, id=13948, stack(0x000000150e600000,0x000000150e700000)]
  0x000001e26d1fb570 JavaThread "Unconstrained build operations Thread 64" [_thread_blocked, id=6476, stack(0x000000150e700000,0x000000150e800000)]
  0x000001e26d1fd3d0 JavaThread "jar transforms Thread 14" [_thread_blocked, id=8180, stack(0x000000150e900000,0x000000150ea00000)]
  0x000001e26d1fcec0 JavaThread "jar transforms Thread 15" [_thread_blocked, id=10804, stack(0x000000150ea00000,0x000000150eb00000)]
  0x000001e26d1ff230 JavaThread "jar transforms Thread 16" [_thread_blocked, id=25092, stack(0x000000150eb00000,0x000000150ec00000)]
  0x000001e26d201090 JavaThread "build event listener" [_thread_blocked, id=13652, stack(0x000000150ec00000,0x000000150ed00000)]
  0x000001e26d200670 JavaThread "Unconstrained build operations Thread 65" [_thread_blocked, id=5700, stack(0x000000150e800000,0x000000150e900000)]
  0x000001e26d2029e0 JavaThread "Unconstrained build operations Thread 66" [_thread_blocked, id=6852, stack(0x000000150ed00000,0x000000150ee00000)]
  0x000001e26d2015a0 JavaThread "Unconstrained build operations Thread 67" [_thread_blocked, id=22176, stack(0x000000150ee00000,0x000000150ef00000)]
  0x000001e26beb8ff0 JavaThread "Unconstrained build operations Thread 68" [_thread_blocked, id=16596, stack(0x000000150ef00000,0x000000150f000000)]
  0x000001e26bebc7a0 JavaThread "Unconstrained build operations Thread 69" [_thread_blocked, id=21608, stack(0x000000150f000000,0x000000150f100000)]
  0x000001e26bebb360 JavaThread "Unconstrained build operations Thread 70" [_thread_blocked, id=7960, stack(0x000000150f200000,0x000000150f300000)]
  0x000001e26bebb870 JavaThread "Unconstrained build operations Thread 71" [_thread_blocked, id=20528, stack(0x000000150f300000,0x000000150f400000)]
  0x000001e26bebae50 JavaThread "Unconstrained build operations Thread 72" [_thread_blocked, id=22728, stack(0x000000150f400000,0x000000150f500000)]
  0x000001e26bebbd80 JavaThread "Unconstrained build operations Thread 73" [_thread_blocked, id=12500, stack(0x000000150f500000,0x000000150f600000)]
  0x000001e26bebc290 JavaThread "Unconstrained build operations Thread 74" [_thread_blocked, id=23788, stack(0x000000150f600000,0x000000150f700000)]
  0x000001e26beb8ae0 JavaThread "Unconstrained build operations Thread 75" [_thread_blocked, id=21328, stack(0x000000150f800000,0x000000150f900000)]
  0x000001e26bebccb0 JavaThread "Unconstrained build operations Thread 76" [_thread_blocked, id=2112, stack(0x000000150f900000,0x000000150fa00000)]
  0x000001e26beba430 JavaThread "Unconstrained build operations Thread 77" [_thread_blocked, id=11840, stack(0x000000150fa00000,0x000000150fb00000)]
  0x000001e26bebd1c0 JavaThread "Unconstrained build operations Thread 78" [_thread_blocked, id=24436, stack(0x000000150fb00000,0x000000150fc00000)]
  0x000001e26beb9a10 JavaThread "Unconstrained build operations Thread 79" [_thread_blocked, id=25184, stack(0x000000150fc00000,0x000000150fd00000)]
  0x000001e26bebd6d0 JavaThread "Unconstrained build operations Thread 80" [_thread_blocked, id=24720, stack(0x000000150fd00000,0x000000150fe00000)]
  0x000001e26beb9f20 JavaThread "Unconstrained build operations Thread 81" [_thread_blocked, id=11996, stack(0x000000150fe00000,0x000000150ff00000)]
  0x000001e26bebf530 JavaThread "Unconstrained build operations Thread 82" [_thread_blocked, id=11004, stack(0x000000150ff00000,0x0000001510000000)]
  0x000001e26bebfa40 JavaThread "Unconstrained build operations Thread 83" [_thread_blocked, id=24816, stack(0x0000001510000000,0x0000001510100000)]
  0x000001e26bebff50 JavaThread "Unconstrained build operations Thread 84" [_thread_blocked, id=5392, stack(0x0000001510100000,0x0000001510200000)]
  0x000001e26bebe600 JavaThread "Unconstrained build operations Thread 85" [_thread_blocked, id=10636, stack(0x0000001510600000,0x0000001510700000)]
  0x000001e26bebdbe0 JavaThread "Unconstrained build operations Thread 86" [_thread_blocked, id=22388, stack(0x0000001510700000,0x0000001510800000)]
  0x000001e26bebe0f0 JavaThread "Unconstrained build operations Thread 87" [_thread_blocked, id=20728, stack(0x0000001510800000,0x0000001510900000)]
  0x000001e26bec0460 JavaThread "Unconstrained build operations Thread 88" [_thread_blocked, id=20912, stack(0x0000001510900000,0x0000001510a00000)]
  0x000001e2681a3830 JavaThread "Unconstrained build operations Thread 89" [_thread_blocked, id=11848, stack(0x0000001510a00000,0x0000001510b00000)]
  0x000001e26f57c4b0 JavaThread "Unconstrained build operations Thread 90" [_thread_blocked, id=23204, stack(0x0000001510b00000,0x0000001510c00000)]
  0x000001e26f57b070 JavaThread "Unconstrained build operations Thread 91" [_thread_blocked, id=18140, stack(0x0000001510c00000,0x0000001510d00000)]
  0x000001e26f57b580 JavaThread "Unconstrained build operations Thread 92" [_thread_blocked, id=25444, stack(0x0000001510e00000,0x0000001510f00000)]
  0x000001e26f57bfa0 JavaThread "Unconstrained build operations Thread 93" [_thread_blocked, id=24328, stack(0x0000001511000000,0x0000001511100000)]
  0x000001e26f57d8f0 JavaThread "Unconstrained build operations Thread 94" [_thread_blocked, id=23056, stack(0x0000001511100000,0x0000001511200000)]
  0x000001e26f57e310 JavaThread "Unconstrained build operations Thread 95" [_thread_blocked, id=24632, stack(0x0000001511200000,0x0000001511300000)]
  0x000001e26f57de00 JavaThread "Unconstrained build operations Thread 96" [_thread_blocked, id=22520, stack(0x0000001511300000,0x0000001511400000)]
  0x000001e26f57c9c0 JavaThread "Unconstrained build operations Thread 97" [_thread_blocked, id=6408, stack(0x0000001511400000,0x0000001511500000)]
  0x000001e26f57ced0 JavaThread "Unconstrained build operations Thread 98" [_thread_blocked, id=10212, stack(0x0000001511500000,0x0000001511600000)]
  0x000001e26f57d3e0 JavaThread "Unconstrained build operations Thread 99" [_thread_blocked, id=11628, stack(0x0000001511600000,0x0000001511700000)]
  0x000001e26f57fc60 JavaThread "Unconstrained build operations Thread 100" [_thread_in_Java, id=16896, stack(0x0000001511800000,0x0000001511900000)]
  0x000001e26f580170 JavaThread "Unconstrained build operations Thread 101" [_thread_blocked, id=1924, stack(0x0000001511900000,0x0000001511a00000)]
  0x000001e26f580680 JavaThread "Unconstrained build operations Thread 102" [_thread_blocked, id=21776, stack(0x0000001511a00000,0x0000001511b00000)]
  0x000001e26f581fd0 JavaThread "Unconstrained build operations Thread 103" [_thread_blocked, id=23176, stack(0x0000001511b00000,0x0000001511c00000)]
  0x000001e26f5815b0 JavaThread "Unconstrained build operations Thread 104" [_thread_blocked, id=15480, stack(0x0000001511c00000,0x0000001511d00000)]
  0x000001e26f580b90 JavaThread "Unconstrained build operations Thread 105" [_thread_blocked, id=17004, stack(0x0000001511d00000,0x0000001511e00000)]
  0x000001e26f5829f0 JavaThread "Unconstrained build operations Thread 106" [_thread_blocked, id=1788, stack(0x0000001511e00000,0x0000001511f00000)]
  0x000001e26f581ac0 JavaThread "Unconstrained build operations Thread 107" [_thread_blocked, id=22392, stack(0x0000001511f00000,0x0000001512000000)]
  0x000001e26f5824e0 JavaThread "Unconstrained build operations Thread 108" [_thread_blocked, id=18912, stack(0x0000001512000000,0x0000001512100000)]
  0x000001e26f5810a0 JavaThread "Unconstrained build operations Thread 109" [_thread_blocked, id=22092, stack(0x0000001512100000,0x0000001512200000)]
  0x000001e26d71fb40 JavaThread "Unconstrained build operations Thread 110" [_thread_blocked, id=5000, stack(0x0000001512200000,0x0000001512300000)]
  0x000001e26d71d2c0 JavaThread "Unconstrained build operations Thread 111" [_thread_blocked, id=20996, stack(0x0000001512300000,0x0000001512400000)]
  0x000001e26d71d7d0 JavaThread "Unconstrained build operations Thread 112" [_thread_blocked, id=7920, stack(0x0000001512400000,0x0000001512500000)]
  0x000001e26d71e1f0 JavaThread "Unconstrained build operations Thread 113" [_thread_blocked, id=25456, stack(0x0000001512500000,0x0000001512600000)]
  0x000001e26d71c8a0 JavaThread "Unconstrained build operations Thread 114" [_thread_blocked, id=1096, stack(0x0000001512600000,0x0000001512700000)]
  0x000001e26d720f80 JavaThread "ForkJoinPool.commonPool-worker-11" daemon [_thread_blocked, id=22032, stack(0x0000001511700000,0x0000001511800000)]
  0x000001e26d721490 JavaThread "Cache worker for execution history cache (F:\react-netive\MyNewProject\android\.gradle\8.6\executionHistory)" [_thread_blocked, id=22216, stack(0x0000001512800000,0x0000001512900000)]
  0x000001e26d7219a0 JavaThread "WorkerExecutor Queue" [_thread_blocked, id=5352, stack(0x000000150f700000,0x000000150f800000)]
  0x000001e26d721eb0 JavaThread "WorkerExecutor Queue Thread 3" [_thread_in_vm, id=11492, stack(0x0000001510f00000,0x0000001511000000)]
  0x000001e26d7228d0 JavaThread "WorkerExecutor Queue Thread 4" [_thread_blocked, id=23432, stack(0x000000150c600000,0x000000150c700000)]
  0x000001e26d71f120 JavaThread "WorkerExecutor Queue Thread 5" [_thread_blocked, id=24292, stack(0x000000150d600000,0x000000150d700000)]
  0x000001e26d722de0 JavaThread "WorkerExecutor Queue Thread 6" [_thread_blocked, id=22380, stack(0x0000001512900000,0x0000001512a00000)]
  0x000001e26d724220 JavaThread "Unconstrained build operations Thread 115" [_thread_blocked, id=24184, stack(0x0000001503c00000,0x0000001503d00000)]
  0x000001e26d723d10 JavaThread "Unconstrained build operations Thread 116" [_thread_blocked, id=9908, stack(0x0000001503d00000,0x0000001503e00000)]
  0x000001e26d7232f0 JavaThread "Unconstrained build operations Thread 117" [_thread_blocked, id=25300, stack(0x0000001503e00000,0x0000001503f00000)]
  0x000001e26d723800 JavaThread "Unconstrained build operations Thread 118" [_thread_blocked, id=16716, stack(0x0000001505000000,0x0000001505100000)]
  0x000001e26f57ba90 JavaThread "Unconstrained build operations Thread 119" [_thread_blocked, id=9976, stack(0x0000001506500000,0x0000001506600000)]
  0x000001e2681a23f0 JavaThread "Unconstrained build operations Thread 120" [_thread_blocked, id=23656, stack(0x0000001508400000,0x0000001508500000)]
  0x000001e26868dfa0 JavaThread "Unconstrained build operations Thread 121" [_thread_blocked, id=3940, stack(0x0000001508500000,0x0000001508600000)]
  0x000001e26901f4a0 JavaThread "Unconstrained build operations Thread 122" [_thread_blocked, id=18860, stack(0x000000150a300000,0x000000150a400000)]
  0x000001e269021300 JavaThread "Unconstrained build operations Thread 123" [_thread_blocked, id=24944, stack(0x000000150f100000,0x000000150f200000)]
  0x000001e26901f9b0 JavaThread "Unconstrained build operations Thread 124" [_thread_blocked, id=25344, stack(0x0000001512700000,0x0000001512800000)]
  0x000001e26901fec0 JavaThread "Unconstrained build operations Thread 125" [_thread_blocked, id=23816, stack(0x0000001512a00000,0x0000001512b00000)]
  0x000001e26901e060 JavaThread "Unconstrained build operations Thread 126" [_thread_blocked, id=21736, stack(0x0000001512d00000,0x0000001512e00000)]
  0x000001e26901ef90 JavaThread "Unconstrained build operations Thread 127" [_thread_blocked, id=15628, stack(0x0000001512e00000,0x0000001512f00000)]
  0x000001e269021d20 JavaThread "Unconstrained build operations Thread 128" [_thread_blocked, id=2528, stack(0x0000001512f00000,0x0000001513000000)]
  0x000001e269020df0 JavaThread "Unconstrained build operations Thread 129" [_thread_blocked, id=23400, stack(0x0000001513000000,0x0000001513100000)]
  0x000001e2690203d0 JavaThread "WorkerExecutor Queue Thread 7" [_thread_blocked, id=5168, stack(0x0000001513700000,0x0000001513800000)]
  0x000001e269021810 JavaThread "Unconstrained build operations Thread 130" [_thread_blocked, id=23476, stack(0x0000001513300000,0x0000001513400000)]
  0x000001e26901e570 JavaThread "Unconstrained build operations Thread 131" [_thread_blocked, id=3676, stack(0x0000001513400000,0x0000001513500000)]
  0x000001e269022230 JavaThread "Unconstrained build operations Thread 132" [_thread_blocked, id=22260, stack(0x0000001513500000,0x0000001513600000)]
  0x000001e26901ea80 JavaThread "Unconstrained build operations Thread 133" [_thread_blocked, id=22132, stack(0x0000001513800000,0x0000001513900000)]
  0x000001e269024090 JavaThread "Unconstrained build operations Thread 134" [_thread_blocked, id=1792, stack(0x0000001513900000,0x0000001513a00000)]
  0x000001e269023670 JavaThread "Unconstrained build operations Thread 135" [_thread_blocked, id=24032, stack(0x0000001513e00000,0x0000001513f00000)]
  0x000001e269024fc0 JavaThread "Unconstrained build operations Thread 136" [_thread_blocked, id=20768, stack(0x0000001513f00000,0x0000001514000000)]
  0x000001e269022740 JavaThread "Unconstrained build operations Thread 137" [_thread_blocked, id=20084, stack(0x0000001514000000,0x0000001514100000)]
  0x000001e2690254d0 JavaThread "Unconstrained build operations Thread 138" [_thread_blocked, id=12208, stack(0x0000001514100000,0x0000001514200000)]
  0x000001e269026400 JavaThread "Unconstrained build operations Thread 139" [_thread_blocked, id=2292, stack(0x0000001514200000,0x0000001514300000)]
  0x000001e269025ef0 JavaThread "Unconstrained build operations Thread 140" [_thread_blocked, id=3948, stack(0x0000001514300000,0x0000001514400000)]
  0x000001e269022c50 JavaThread "Unconstrained build operations Thread 141" [_thread_blocked, id=16600, stack(0x0000001514400000,0x0000001514500000)]
  0x000001e269026910 JavaThread "Unconstrained build operations Thread 142" [_thread_blocked, id=23660, stack(0x0000001514500000,0x0000001514600000)]
  0x000001e2690245a0 JavaThread "Unconstrained build operations Thread 143" [_thread_blocked, id=17644, stack(0x0000001514600000,0x0000001514700000)]
  0x000001e269024ab0 JavaThread "Unconstrained build operations Thread 144" [_thread_blocked, id=21664, stack(0x0000001514700000,0x0000001514800000)]
  0x000001e26902a5d0 JavaThread "WorkerExecutor Queue Thread 8" [_thread_blocked, id=24200, stack(0x0000001514e00000,0x0000001514f00000)]
  0x000001e269027840 JavaThread "WorkerExecutor Queue Thread 9" [_thread_blocked, id=20040, stack(0x0000001514f00000,0x0000001515000000)]
  0x000001e269028c80 JavaThread "WorkerExecutor Queue Thread 14" [_thread_in_vm, id=20096, stack(0x0000001515400000,0x0000001515500000)]
  0x000001e26902aff0 JavaThread "WorkerExecutor Queue Thread 16" [_thread_blocked, id=2008, stack(0x0000001515600000,0x0000001515700000)]
  0x000001e2690296a0 JavaThread "Unconstrained build operations Thread 145" [_thread_blocked, id=24416, stack(0x0000001515700000,0x0000001515800000)]
  0x000001e26902bf20 JavaThread "pool-3-thread-1" [_thread_blocked, id=6192, stack(0x0000001515800000,0x0000001515900000)]
  0x000001e26902c430 JavaThread "stderr" [_thread_in_native, id=2640, stack(0x0000001515900000,0x0000001515a00000)]
  0x000001e26902c940 JavaThread "stdout" [_thread_in_native, id=22272, stack(0x0000001515a00000,0x0000001515b00000)]
  0x000001e26902d870 JavaThread "stderr" [_thread_in_native, id=8120, stack(0x0000001515b00000,0x0000001515c00000)]
  0x000001e26902ce50 JavaThread "stdout" [_thread_in_native, id=25312, stack(0x0000001515c00000,0x0000001515d00000)]
  0x000001e26d71f630 JavaThread "stderr" [_thread_in_native, id=21668, stack(0x0000001515d00000,0x0000001515e00000)]
  0x000001e26f57f750 JavaThread "stdout" [_thread_in_native, id=11696, stack(0x0000001515e00000,0x0000001515f00000)]
  0x000001e275c3bf40 JavaThread "stderr" [_thread_in_native, id=20376, stack(0x0000001515f00000,0x0000001516000000)]
  0x000001e275c391b0 JavaThread "stdout" [_thread_in_native, id=19492, stack(0x0000001516000000,0x0000001516100000)]
  0x000001e275c3c450 JavaThread "stderr" [_thread_in_native, id=25504, stack(0x0000001516100000,0x0000001516200000)]
  0x000001e275c3b520 JavaThread "stdout" [_thread_in_native, id=21252, stack(0x0000001516200000,0x0000001516300000)]
  0x000001e275c3ba30 JavaThread "stderr" [_thread_in_native, id=25052, stack(0x0000001516300000,0x0000001516400000)]
  0x000001e275c3c960 JavaThread "stdout" [_thread_in_native, id=24036, stack(0x0000001516400000,0x0000001516500000)]
  0x000001e275c3a0e0 JavaThread "Unconstrained build operations Thread 146" [_thread_blocked, id=24400, stack(0x0000001516500000,0x0000001516600000)]
  0x000001e275c3a5f0 JavaThread "Unconstrained build operations Thread 147" [_thread_blocked, id=22712, stack(0x0000001516600000,0x0000001516700000)]
  0x000001e275c396c0 JavaThread "Unconstrained build operations Thread 148" [_thread_blocked, id=7708, stack(0x0000001516700000,0x0000001516800000)]
  0x000001e275c3ab00 JavaThread "Unconstrained build operations Thread 149" [_thread_blocked, id=20664, stack(0x0000001516800000,0x0000001516900000)]
  0x000001e275c3d380 JavaThread "Unconstrained build operations Thread 150" [_thread_blocked, id=20012, stack(0x0000001516900000,0x0000001516a00000)]
  0x000001e275c39bd0 JavaThread "Unconstrained build operations Thread 151" [_thread_blocked, id=22416, stack(0x0000001516a00000,0x0000001516b00000)]
  0x000001e275c3d890 JavaThread "Unconstrained build operations Thread 152" [_thread_blocked, id=6504, stack(0x0000001516b00000,0x0000001516c00000)]
  0x000001e275c3dda0 JavaThread "Unconstrained build operations Thread 153" [_thread_blocked, id=16328, stack(0x0000001516c00000,0x0000001516d00000)]
  0x000001e275c3e2b0 JavaThread "Unconstrained build operations Thread 154" [_thread_blocked, id=7548, stack(0x0000001516d00000,0x0000001516e00000)]
  0x000001e275c3e7c0 JavaThread "Unconstrained build operations Thread 155" [_thread_blocked, id=21512, stack(0x0000001516e00000,0x0000001516f00000)]
  0x000001e275c3b010 JavaThread "Unconstrained build operations Thread 156" [_thread_blocked, id=24616, stack(0x0000001516f00000,0x0000001517000000)]
  0x000001e275c40620 JavaThread "Unconstrained build operations Thread 157" [_thread_blocked, id=25104, stack(0x0000001517000000,0x0000001517100000)]
  0x000001e275c3f1e0 JavaThread "Unconstrained build operations Thread 158" [_thread_blocked, id=25356, stack(0x0000001517100000,0x0000001517200000)]
  0x000001e275c41a60 JavaThread "Unconstrained build operations Thread 159" [_thread_blocked, id=5736, stack(0x0000001517200000,0x0000001517300000)]
  0x000001e275c40110 JavaThread "Unconstrained build operations Thread 160" [_thread_blocked, id=23932, stack(0x0000001517300000,0x0000001517400000)]
  0x000001e275c40b30 JavaThread "WorkerExecutor Queue Thread 17" [_thread_in_Java, id=23628, stack(0x0000001517400000,0x0000001517500000)]
  0x000001e275c3ecd0 JavaThread "Cache worker for Java compile cache (C:\Users\mr_sa\.gradle\caches\8.6\javaCompile)" [_thread_blocked, id=19912, stack(0x0000001513200000,0x0000001513300000)]
  0x000001e275c46650 JavaThread "Build operations" [_thread_blocked, id=24756, stack(0x0000001517500000,0x0000001517600000)]
  0x000001e275c438c0 JavaThread "Build operations Thread 2" [_thread_blocked, id=16532, stack(0x0000001517600000,0x0000001517700000)]
  0x000001e275c46140 JavaThread "Build operations Thread 3" [_thread_blocked, id=21520, stack(0x0000001517700000,0x0000001517800000)]
  0x000001e275c45c30 JavaThread "Build operations Thread 4" [_thread_blocked, id=21244, stack(0x0000001517800000,0x0000001517900000)]
  0x000001e275c42ea0 JavaThread "Build operations Thread 5" [_thread_blocked, id=4784, stack(0x0000001517900000,0x0000001517a00000)]
  0x000001e275c433b0 JavaThread "Build operations Thread 6" [_thread_blocked, id=768, stack(0x0000001517a00000,0x0000001517b00000)]
  0x000001e275c45720 JavaThread "Build operations Thread 7" [_thread_blocked, id=18332, stack(0x0000001517b00000,0x0000001517c00000)]
  0x000001e275c43dd0 JavaThread "Build operations Thread 8" [_thread_blocked, id=5032, stack(0x0000001517c00000,0x0000001517d00000)]
  0x000001e275c46b60 JavaThread "Build operations Thread 9" [_thread_blocked, id=25128, stack(0x0000001517d00000,0x0000001517e00000)]
  0x000001e275c47070 JavaThread "Build operations Thread 10" [_thread_blocked, id=25528, stack(0x0000001517e00000,0x0000001517f00000)]
  0x000001e275c47580 JavaThread "Build operations Thread 11" [_thread_blocked, id=19508, stack(0x0000001517f00000,0x0000001518000000)]
  0x000001e275c45210 JavaThread "Build operations Thread 12" [_thread_blocked, id=4044, stack(0x0000001518000000,0x0000001518100000)]
  0x000001e275c47a90 JavaThread "Build operations Thread 13" [_thread_blocked, id=8664, stack(0x0000001518100000,0x0000001518200000)]
  0x000001e275c442e0 JavaThread "Build operations Thread 14" [_thread_blocked, id=21900, stack(0x0000001518200000,0x0000001518300000)]
  0x000001e275c47fa0 JavaThread "Build operations Thread 15" [_thread_blocked, id=12032, stack(0x0000001514d00000,0x0000001514e00000)]
  0x000001e275c3ce70 JavaThread "Build operations Thread 16" [_thread_blocked, id=22420, stack(0x0000001518400000,0x0000001518500000)]
  0x000001e275c3f6f0 JavaThread "RMI Scheduler(0)" daemon [_thread_blocked, id=9812, stack(0x0000001512b00000,0x0000001512c00000)]
  0x000001e275c489c0 JavaThread "RMI GC Daemon" daemon [_thread_blocked, id=21644, stack(0x0000001518300000,0x0000001518400000)]
  0x000001e279b77cd0 JavaThread "RMI TCP Accept-0" daemon [_thread_in_native, id=22980, stack(0x0000001515500000,0x0000001515600000)]
  0x000001e279b74a30 JavaThread "RMI Reaper" [_thread_blocked, id=24284, stack(0x0000001518500000,0x0000001518600000)]
  0x000001e279b74f40 JavaThread "RMI TCP Connection(idle)" daemon [_thread_blocked, id=19480, stack(0x0000001518600000,0x0000001518700000)]
  0x000001e279b74520 JavaThread "RMI TCP Connection(idle)" daemon [_thread_blocked, id=6400, stack(0x0000001518700000,0x0000001518800000)]
  0x000001e279b772b0 JavaThread "RMI TCP Connection(idle)" daemon [_thread_blocked, id=24952, stack(0x0000001518900000,0x0000001518a00000)]
  0x000001e275486400 JavaThread "C1 CompilerThread1" daemon [_thread_in_native, id=22256, stack(0x0000001514900000,0x0000001514a00000)]
  0x000001e279b79b30 JavaThread "WorkerExecutor Queue Thread 19" [_thread_in_Java, id=3328, stack(0x0000001518a00000,0x0000001518b00000)]
  0x000001e26c38f090 JavaThread "C1 CompilerThread2" daemon [_thread_in_native, id=22108, stack(0x0000001514b00000,0x0000001514c00000)]
  0x000001e279b7cdd0 JavaThread "RMI TCP Connection(idle)" daemon [_thread_blocked, id=13960, stack(0x0000001518c00000,0x0000001518d00000)]
  0x000001e279b7dd00 JavaThread "WorkerExecutor Queue Thread 20" [_thread_blocked, id=24316, stack(0x0000001518d00000,0x0000001518e00000)]
  0x000001e279b80070 JavaThread "WorkerExecutor Queue Thread 21" [_thread_blocked, id=20760, stack(0x0000001510d00000,0x0000001510e00000)]
  0x000001e279b7e720 JavaThread "WorkerExecutor Queue Thread 22" [_thread_in_native, id=19204, stack(0x0000001513100000,0x0000001513200000)]
  0x000001e277541ec0 JavaThread "C2 CompilerThread1" daemon [_thread_in_native, id=24472, stack(0x000000150a600000,0x000000150a700000)]
  0x000001e277542eb0 JavaThread "C2 CompilerThread2" daemon [_thread_in_native, id=20708, stack(0x0000001512c00000,0x0000001512d00000)]
  0x000001e2775443f0 JavaThread "C2 CompilerThread3" daemon [_thread_in_native, id=21216, stack(0x0000001513600000,0x0000001513700000)]
  0x000001e277545930 JavaThread "C2 CompilerThread4" daemon [_thread_in_native, id=21692, stack(0x0000001513a00000,0x0000001513b00000)]
  0x000001e277545e80 JavaThread "C2 CompilerThread5" daemon [_thread_in_native, id=5080, stack(0x0000001513b00000,0x0000001513c00000)]
  0x000001e277546920 JavaThread "C1 CompilerThread3" daemon [_thread_in_vm, id=15620, stack(0x0000001515100000,0x0000001515200000)]
  0x000001e279b828f0 JavaThread "WorkerExecutor Queue Thread 23" [_thread_blocked, id=2576, stack(0x0000001514800000,0x0000001514900000)]
=>0x000001e277547e60 JavaThread "C2 CompilerThread6" daemon [_thread_in_native, id=13688, stack(0x0000001514a00000,0x0000001514b00000)]
  0x000001e2775463d0 JavaThread "C2 CompilerThread7" daemon [_thread_in_native, id=24128, stack(0x0000001515200000,0x0000001515300000)]

Other Threads:
  0x000001e245803b10 VMThread "VM Thread" [stack: 0x0000001504500000,0x0000001504600000] [id=4012]
  0x000001e2466e1730 WatcherThread [stack: 0x0000001505500000,0x0000001505600000] [id=17208]
  0x000001e222811890 GCTaskThread "GC Thread#0" [stack: 0x0000001504000000,0x0000001504100000] [id=17120]
  0x000001e267479ce0 GCTaskThread "GC Thread#1" [stack: 0x0000001505800000,0x0000001505900000] [id=2500]
  0x000001e267479fa0 GCTaskThread "GC Thread#2" [stack: 0x0000001505900000,0x0000001505a00000] [id=22748]
  0x000001e26765d020 GCTaskThread "GC Thread#3" [stack: 0x0000001505a00000,0x0000001505b00000] [id=24892]
  0x000001e26765d6b0 GCTaskThread "GC Thread#4" [stack: 0x0000001505b00000,0x0000001505c00000] [id=21768]
  0x000001e266dbf530 GCTaskThread "GC Thread#5" [stack: 0x0000001505c00000,0x0000001505d00000] [id=22640]
  0x000001e269b59eb0 GCTaskThread "GC Thread#6" [stack: 0x0000001506b00000,0x0000001506c00000] [id=9556]
  0x000001e269b59930 GCTaskThread "GC Thread#7" [stack: 0x0000001506c00000,0x0000001506d00000] [id=3852]
  0x000001e269b59bf0 GCTaskThread "GC Thread#8" [stack: 0x0000001506d00000,0x0000001506e00000] [id=10024]
  0x000001e269b5a170 GCTaskThread "GC Thread#9" [stack: 0x0000001506e00000,0x0000001506f00000] [id=5088]
  0x000001e269b5a430 GCTaskThread "GC Thread#10" [stack: 0x0000001506f00000,0x0000001507000000] [id=16604]
  0x000001e269b5a6f0 GCTaskThread "GC Thread#11" [stack: 0x0000001507000000,0x0000001507100000] [id=21324]
  0x000001e269b58b70 GCTaskThread "GC Thread#12" [stack: 0x0000001507100000,0x0000001507200000] [id=2516]
  0x000001e2203bea50 ConcurrentGCThread "G1 Main Marker" [stack: 0x0000001504100000,0x0000001504200000] [id=7836]
  0x000001e222823d50 ConcurrentGCThread "G1 Conc#0" [stack: 0x0000001504200000,0x0000001504300000] [id=4444]
  0x000001e269b58e30 ConcurrentGCThread "G1 Conc#1" [stack: 0x0000001507200000,0x0000001507300000] [id=23900]
  0x000001e269b590f0 ConcurrentGCThread "G1 Conc#2" [stack: 0x0000001507300000,0x0000001507400000] [id=25252]
  0x000001e22284de10 ConcurrentGCThread "G1 Refine#0" [stack: 0x0000001504300000,0x0000001504400000] [id=5740]
  0x000001e26d22afc0 ConcurrentGCThread "G1 Refine#1" [stack: 0x0000001510200000,0x0000001510300000] [id=12824]
  0x000001e26d22b2b0 ConcurrentGCThread "G1 Refine#2" [stack: 0x0000001510300000,0x0000001510400000] [id=3592]
  0x000001e26d22c740 ConcurrentGCThread "G1 Refine#3" [stack: 0x0000001510400000,0x0000001510500000] [id=10572]
  0x000001e26d22b5a0 ConcurrentGCThread "G1 Refine#4" [stack: 0x0000001510500000,0x0000001510600000] [id=18420]
  0x000001e2690571e0 ConcurrentGCThread "G1 Refine#5" [stack: 0x0000001514c00000,0x0000001514d00000] [id=22616]
  0x000001e22284e5f0 ConcurrentGCThread "G1 Service" [stack: 0x0000001504400000,0x0000001504500000] [id=24412]

Threads with active compile tasks:
C2 CompilerThread0   235219 57781       4       groovyjarjarantlr4.v4.runtime.atn.PredictionContext::calculateHashCode (86 bytes)
C1 CompilerThread0   235220 58428       3       org.jetbrains.kotlin.resolve.checkers.ResolutionWithStubTypesChecker::check (456 bytes)
C1 CompilerThread1   235220 58437       2       com.android.tools.r8.internal.Vl::a (467 bytes)
C1 CompilerThread2   235221 58440       2       com.android.tools.r8.ir.regalloc.h::a (1019 bytes)
C2 CompilerThread1   235221 43785       4       com.android.tools.r8.internal.l3::b (2179 bytes)
C2 CompilerThread2   235221 56469       4       groovyjarjarantlr4.v4.runtime.atn.ATNConfigSet::add (356 bytes)
C2 CompilerThread3   235222 57476       4       groovyjarjarantlr4.v4.runtime.atn.PredictionContext::join (569 bytes)
C2 CompilerThread4   235222 41265       4       com.android.tools.r8.internal.d9::<init> (253 bytes)
C2 CompilerThread5   235223 58292       4       com.android.tools.r8.internal.kg::a (283 bytes)
C1 CompilerThread3   235223 58464       2       com.android.tools.r8.internal.XV::a (198 bytes)
C2 CompilerThread6   235224 57651       4       com.android.tools.r8.internal.DX::a (604 bytes)
C2 CompilerThread7   235224 48556       4       com.intellij.openapi.util.text.StringUtilRt::lastIndexOf (58 bytes)

VM state: not at safepoint (normal execution)

VM Mutex/Monitor currently owned by a thread: None

Heap address: 0x0000000700000000, size: 4096 MB, Compressed Oops mode: Zero based, Oop shift amount: 3

CDS archive(s) mapped at: [0x000001e247000000-0x000001e247bb0000-0x000001e247bb0000), size 12255232, SharedBaseAddress: 0x000001e247000000, ArchiveRelocationMode: 1.
Compressed class space mapped at: 0x000001e248000000-0x000001e262000000, reserved size: 436207616
Narrow klass base: 0x000001e247000000, Narrow klass shift: 0, Narrow klass range: 0x100000000

GC Precious Log:
 CPUs: 16 total, 16 available
 Memory: 16085M
 Large Page Support: Disabled
 NUMA Support: Disabled
 Compressed Oops: Enabled (Zero based)
 Heap Region Size: 2M
 Heap Min Capacity: 8M
 Heap Initial Capacity: 252M
 Heap Max Capacity: 4G
 Pre-touch: Disabled
 Parallel Workers: 13
 Concurrent Workers: 3
 Concurrent Refinement Workers: 13
 Periodic GC: Disabled

Heap:
 garbage-first heap   total 1851392K, used 1114978K [0x0000000700000000, 0x0000000800000000)
  region size 2048K, 253 young (518144K), 37 survivors (75776K)
 Metaspace       used 254769K, committed 257216K, reserved 688128K
  class space    used 33075K, committed 34176K, reserved 425984K

Heap Regions: E=young(eden), S=young(survivor), O=old, HS=humongous(starts), HC=humongous(continues), CS=collection set, F=free, OA=open archive, CA=closed archive, TAMS=top-at-mark-start (previous, next)
|   0|0x0000000700000000, 0x0000000700200000, 0x0000000700200000|100%|HS|  |TAMS 0x0000000700200000, 0x0000000700000000| Complete 
|   1|0x0000000700200000, 0x0000000700400000, 0x0000000700400000|100%|HC|  |TAMS 0x0000000700400000, 0x0000000700200000| Complete 
|   2|0x0000000700400000, 0x0000000700600000, 0x0000000700600000|100%| O|  |TAMS 0x0000000700600000, 0x0000000700400000| Untracked 
|   3|0x0000000700600000, 0x0000000700800000, 0x0000000700800000|100%| O|  |TAMS 0x0000000700800000, 0x0000000700600000| Untracked 
|   4|0x0000000700800000, 0x00000007009dac00, 0x0000000700a00000| 92%| O|  |TAMS 0x00000007009dac00, 0x0000000700800000| Untracked 
|   5|0x0000000700a00000, 0x0000000700c00000, 0x0000000700c00000|100%| O|  |TAMS 0x0000000700c00000, 0x0000000700a00000| Untracked 
|   6|0x0000000700c00000, 0x0000000700e00000, 0x0000000700e00000|100%| O|  |TAMS 0x0000000700e00000, 0x0000000700c00000| Untracked 
|   7|0x0000000700e00000, 0x0000000701000000, 0x0000000701000000|100%| O|  |TAMS 0x0000000701000000, 0x0000000700e00000| Untracked 
|   8|0x0000000701000000, 0x0000000701200000, 0x0000000701200000|100%|HS|  |TAMS 0x0000000701200000, 0x0000000701000000| Complete 
|   9|0x0000000701200000, 0x0000000701400000, 0x0000000701400000|100%| O|  |TAMS 0x0000000701400000, 0x0000000701200000| Untracked 
|  10|0x0000000701400000, 0x0000000701600000, 0x0000000701600000|100%| O|  |TAMS 0x0000000701600000, 0x0000000701400000| Untracked 
|  11|0x0000000701600000, 0x0000000701800000, 0x0000000701800000|100%| O|  |TAMS 0x0000000701800000, 0x0000000701600000| Untracked 
|  12|0x0000000701800000, 0x0000000701a00000, 0x0000000701a00000|100%|HS|  |TAMS 0x0000000701a00000, 0x0000000701800000| Complete 
|  13|0x0000000701a00000, 0x0000000701c00000, 0x0000000701c00000|100%|HS|  |TAMS 0x0000000701c00000, 0x0000000701a00000| Complete 
|  14|0x0000000701c00000, 0x0000000701e00000, 0x0000000701e00000|100%|HC|  |TAMS 0x0000000701e00000, 0x0000000701c00000| Complete 
|  15|0x0000000701e00000, 0x0000000702000000, 0x0000000702000000|100%| O|  |TAMS 0x0000000702000000, 0x0000000701e00000| Untracked 
|  16|0x0000000702000000, 0x0000000702200000, 0x0000000702200000|100%| O|  |TAMS 0x0000000702200000, 0x0000000702000000| Untracked 
|  17|0x0000000702200000, 0x0000000702400000, 0x0000000702400000|100%|HS|  |TAMS 0x0000000702400000, 0x0000000702200000| Complete 
|  18|0x0000000702400000, 0x0000000702600000, 0x0000000702600000|100%|HC|  |TAMS 0x0000000702600000, 0x0000000702400000| Complete 
|  19|0x0000000702600000, 0x0000000702800000, 0x0000000702800000|100%| O|  |TAMS 0x0000000702800000, 0x0000000702600000| Untracked 
|  20|0x0000000702800000, 0x0000000702a00000, 0x0000000702a00000|100%| O|  |TAMS 0x0000000702a00000, 0x0000000702800000| Untracked 
|  21|0x0000000702a00000, 0x0000000702c00000, 0x0000000702c00000|100%| O|  |TAMS 0x0000000702c00000, 0x0000000702a00000| Untracked 
|  22|0x0000000702c00000, 0x0000000702e00000, 0x0000000702e00000|100%| O|  |TAMS 0x0000000702e00000, 0x0000000702c00000| Untracked 
|  23|0x0000000702e00000, 0x0000000703000000, 0x0000000703000000|100%| O|  |TAMS 0x0000000703000000, 0x0000000702e00000| Untracked 
|  24|0x0000000703000000, 0x0000000703200000, 0x0000000703200000|100%| O|  |TAMS 0x0000000703200000, 0x0000000703000000| Untracked 
|  25|0x0000000703200000, 0x0000000703400000, 0x0000000703400000|100%| O|  |TAMS 0x0000000703400000, 0x0000000703200000| Untracked 
|  26|0x0000000703400000, 0x0000000703600000, 0x0000000703600000|100%| O|  |TAMS 0x0000000703600000, 0x0000000703400000| Untracked 
|  27|0x0000000703600000, 0x0000000703800000, 0x0000000703800000|100%| O|  |TAMS 0x0000000703800000, 0x0000000703600000| Untracked 
|  28|0x0000000703800000, 0x0000000703a00000, 0x0000000703a00000|100%| O|  |TAMS 0x0000000703a00000, 0x0000000703800000| Untracked 
|  29|0x0000000703a00000, 0x0000000703c00000, 0x0000000703c00000|100%| O|  |TAMS 0x0000000703c00000, 0x0000000703a00000| Untracked 
|  30|0x0000000703c00000, 0x0000000703e00000, 0x0000000703e00000|100%| O|  |TAMS 0x0000000703e00000, 0x0000000703c00000| Untracked 
|  31|0x0000000703e00000, 0x0000000704000000, 0x0000000704000000|100%| O|  |TAMS 0x0000000704000000, 0x0000000703e00000| Untracked 
|  32|0x0000000704000000, 0x0000000704200000, 0x0000000704200000|100%| O|  |TAMS 0x0000000704200000, 0x0000000704000000| Untracked 
|  33|0x0000000704200000, 0x0000000704400000, 0x0000000704400000|100%| O|  |TAMS 0x0000000704400000, 0x0000000704200000| Untracked 
|  34|0x0000000704400000, 0x0000000704600000, 0x0000000704600000|100%| O|  |TAMS 0x0000000704600000, 0x0000000704400000| Untracked 
|  35|0x0000000704600000, 0x0000000704800000, 0x0000000704800000|100%| O|  |TAMS 0x0000000704800000, 0x0000000704600000| Untracked 
|  36|0x0000000704800000, 0x0000000704a00000, 0x0000000704a00000|100%| O|  |TAMS 0x0000000704a00000, 0x0000000704800000| Untracked 
|  37|0x0000000704a00000, 0x0000000704c00000, 0x0000000704c00000|100%| O|  |TAMS 0x0000000704c00000, 0x0000000704a00000| Untracked 
|  38|0x0000000704c00000, 0x0000000704e00000, 0x0000000704e00000|100%| O|  |TAMS 0x0000000704e00000, 0x0000000704c00000| Untracked 
|  39|0x0000000704e00000, 0x0000000705000000, 0x0000000705000000|100%| O|  |TAMS 0x0000000705000000, 0x0000000704e00000| Untracked 
|  40|0x0000000705000000, 0x0000000705200000, 0x0000000705200000|100%| O|  |TAMS 0x0000000705200000, 0x0000000705000000| Untracked 
|  41|0x0000000705200000, 0x0000000705400000, 0x0000000705400000|100%| O|  |TAMS 0x0000000705400000, 0x0000000705200000| Untracked 
|  42|0x0000000705400000, 0x0000000705600000, 0x0000000705600000|100%| O|  |TAMS 0x0000000705600000, 0x0000000705400000| Untracked 
|  43|0x0000000705600000, 0x0000000705800000, 0x0000000705800000|100%| O|  |TAMS 0x0000000705800000, 0x0000000705600000| Untracked 
|  44|0x0000000705800000, 0x0000000705a00000, 0x0000000705a00000|100%|HS|  |TAMS 0x0000000705a00000, 0x0000000705800000| Complete 
|  45|0x0000000705a00000, 0x0000000705c00000, 0x0000000705c00000|100%| O|  |TAMS 0x0000000705c00000, 0x0000000705a00000| Untracked 
|  46|0x0000000705c00000, 0x0000000705e00000, 0x0000000705e00000|100%| O|  |TAMS 0x0000000705e00000, 0x0000000705c00000| Untracked 
|  47|0x0000000705e00000, 0x0000000706000000, 0x0000000706000000|100%| O|  |TAMS 0x0000000706000000, 0x0000000705e00000| Untracked 
|  48|0x0000000706000000, 0x0000000706200000, 0x0000000706200000|100%| O|  |TAMS 0x0000000706200000, 0x0000000706000000| Untracked 
|  49|0x0000000706200000, 0x0000000706400000, 0x0000000706400000|100%| O|  |TAMS 0x0000000706400000, 0x0000000706200000| Untracked 
|  50|0x0000000706400000, 0x0000000706600000, 0x0000000706600000|100%| O|  |TAMS 0x0000000706600000, 0x0000000706400000| Untracked 
|  51|0x0000000706600000, 0x0000000706800000, 0x0000000706800000|100%| O|  |TAMS 0x0000000706800000, 0x0000000706600000| Untracked 
|  52|0x0000000706800000, 0x0000000706a00000, 0x0000000706a00000|100%| O|  |TAMS 0x0000000706a00000, 0x0000000706800000| Untracked 
|  53|0x0000000706a00000, 0x0000000706c00000, 0x0000000706c00000|100%| O|  |TAMS 0x0000000706c00000, 0x0000000706a00000| Untracked 
|  54|0x0000000706c00000, 0x0000000706e00000, 0x0000000706e00000|100%| O|  |TAMS 0x0000000706e00000, 0x0000000706c00000| Untracked 
|  55|0x0000000706e00000, 0x0000000707000000, 0x0000000707000000|100%| O|  |TAMS 0x0000000707000000, 0x0000000706e00000| Untracked 
|  56|0x0000000707000000, 0x0000000707200000, 0x0000000707200000|100%| O|  |TAMS 0x0000000707200000, 0x0000000707000000| Untracked 
|  57|0x0000000707200000, 0x0000000707400000, 0x0000000707400000|100%| O|  |TAMS 0x0000000707400000, 0x0000000707200000| Untracked 
|  58|0x0000000707400000, 0x0000000707600000, 0x0000000707600000|100%| O|  |TAMS 0x0000000707600000, 0x0000000707400000| Untracked 
|  59|0x0000000707600000, 0x0000000707800000, 0x0000000707800000|100%| O|  |TAMS 0x0000000707800000, 0x0000000707600000| Untracked 
|  60|0x0000000707800000, 0x0000000707a00000, 0x0000000707a00000|100%| O|  |TAMS 0x0000000707a00000, 0x0000000707800000| Untracked 
|  61|0x0000000707a00000, 0x0000000707c00000, 0x0000000707c00000|100%| O|  |TAMS 0x0000000707c00000, 0x0000000707a00000| Untracked 
|  62|0x0000000707c00000, 0x0000000707e00000, 0x0000000707e00000|100%| O|  |TAMS 0x0000000707e00000, 0x0000000707c00000| Untracked 
|  63|0x0000000707e00000, 0x0000000708000000, 0x0000000708000000|100%| O|  |TAMS 0x0000000708000000, 0x0000000707e00000| Untracked 
|  64|0x0000000708000000, 0x0000000708200000, 0x0000000708200000|100%| O|  |TAMS 0x0000000708200000, 0x0000000708000000| Untracked 
|  65|0x0000000708200000, 0x0000000708400000, 0x0000000708400000|100%| O|  |TAMS 0x0000000708400000, 0x0000000708200000| Untracked 
|  66|0x0000000708400000, 0x0000000708600000, 0x0000000708600000|100%| O|  |TAMS 0x0000000708600000, 0x0000000708400000| Untracked 
|  67|0x0000000708600000, 0x0000000708800000, 0x0000000708800000|100%| O|  |TAMS 0x0000000708800000, 0x0000000708600000| Untracked 
|  68|0x0000000708800000, 0x0000000708a00000, 0x0000000708a00000|100%| O|  |TAMS 0x0000000708a00000, 0x0000000708800000| Untracked 
|  69|0x0000000708a00000, 0x0000000708c00000, 0x0000000708c00000|100%| O|  |TAMS 0x0000000708c00000, 0x0000000708a00000| Untracked 
|  70|0x0000000708c00000, 0x0000000708e00000, 0x0000000708e00000|100%| O|  |TAMS 0x0000000708e00000, 0x0000000708c00000| Untracked 
|  71|0x0000000708e00000, 0x0000000709000000, 0x0000000709000000|100%| O|  |TAMS 0x0000000709000000, 0x0000000708e00000| Untracked 
|  72|0x0000000709000000, 0x0000000709200000, 0x0000000709200000|100%| O|  |TAMS 0x0000000709200000, 0x0000000709000000| Untracked 
|  73|0x0000000709200000, 0x0000000709400000, 0x0000000709400000|100%| O|  |TAMS 0x0000000709400000, 0x0000000709200000| Untracked 
|  74|0x0000000709400000, 0x0000000709600000, 0x0000000709600000|100%| O|  |TAMS 0x0000000709600000, 0x0000000709400000| Untracked 
|  75|0x0000000709600000, 0x0000000709800000, 0x0000000709800000|100%| O|  |TAMS 0x0000000709800000, 0x0000000709600000| Untracked 
|  76|0x0000000709800000, 0x0000000709a00000, 0x0000000709a00000|100%| O|  |TAMS 0x0000000709a00000, 0x0000000709800000| Untracked 
|  77|0x0000000709a00000, 0x0000000709c00000, 0x0000000709c00000|100%| O|  |TAMS 0x0000000709c00000, 0x0000000709a00000| Untracked 
|  78|0x0000000709c00000, 0x0000000709e00000, 0x0000000709e00000|100%| O|  |TAMS 0x0000000709e00000, 0x0000000709c00000| Untracked 
|  79|0x0000000709e00000, 0x000000070a000000, 0x000000070a000000|100%| O|  |TAMS 0x000000070a000000, 0x0000000709e00000| Untracked 
|  80|0x000000070a000000, 0x000000070a200000, 0x000000070a200000|100%| O|  |TAMS 0x000000070a200000, 0x000000070a000000| Untracked 
|  81|0x000000070a200000, 0x000000070a400000, 0x000000070a400000|100%| O|  |TAMS 0x000000070a400000, 0x000000070a200000| Untracked 
|  82|0x000000070a400000, 0x000000070a600000, 0x000000070a600000|100%| O|  |TAMS 0x000000070a600000, 0x000000070a400000| Untracked 
|  83|0x000000070a600000, 0x000000070a800000, 0x000000070a800000|100%| O|  |TAMS 0x000000070a800000, 0x000000070a600000| Untracked 
|  84|0x000000070a800000, 0x000000070aa00000, 0x000000070aa00000|100%| O|  |TAMS 0x000000070aa00000, 0x000000070a800000| Untracked 
|  85|0x000000070aa00000, 0x000000070ac00000, 0x000000070ac00000|100%| O|  |TAMS 0x000000070ac00000, 0x000000070aa00000| Untracked 
|  86|0x000000070ac00000, 0x000000070ae00000, 0x000000070ae00000|100%| O|  |TAMS 0x000000070ae00000, 0x000000070ac00000| Untracked 
|  87|0x000000070ae00000, 0x000000070b000000, 0x000000070b000000|100%| O|  |TAMS 0x000000070b000000, 0x000000070ae00000| Untracked 
|  88|0x000000070b000000, 0x000000070b200000, 0x000000070b200000|100%| O|  |TAMS 0x000000070b200000, 0x000000070b000000| Untracked 
|  89|0x000000070b200000, 0x000000070b400000, 0x000000070b400000|100%| O|  |TAMS 0x000000070b400000, 0x000000070b200000| Untracked 
|  90|0x000000070b400000, 0x000000070b600000, 0x000000070b600000|100%| O|  |TAMS 0x000000070b600000, 0x000000070b400000| Untracked 
|  91|0x000000070b600000, 0x000000070b800000, 0x000000070b800000|100%| O|  |TAMS 0x000000070b800000, 0x000000070b600000| Untracked 
|  92|0x000000070b800000, 0x000000070ba00000, 0x000000070ba00000|100%| O|  |TAMS 0x000000070b800000, 0x000000070b800000| Untracked 
|  93|0x000000070ba00000, 0x000000070bc00000, 0x000000070bc00000|100%| O|  |TAMS 0x000000070bc00000, 0x000000070ba00000| Untracked 
|  94|0x000000070bc00000, 0x000000070be00000, 0x000000070be00000|100%| O|  |TAMS 0x000000070bc00000, 0x000000070bc00000| Untracked 
|  95|0x000000070be00000, 0x000000070c000000, 0x000000070c000000|100%| O|  |TAMS 0x000000070c000000, 0x000000070be00000| Untracked 
|  96|0x000000070c000000, 0x000000070c200000, 0x000000070c200000|100%| O|  |TAMS 0x000000070c000000, 0x000000070c000000| Untracked 
|  97|0x000000070c200000, 0x000000070c400000, 0x000000070c400000|100%| O|  |TAMS 0x000000070c400000, 0x000000070c200000| Untracked 
|  98|0x000000070c400000, 0x000000070c600000, 0x000000070c600000|100%| O|  |TAMS 0x000000070c400000, 0x000000070c400000| Untracked 
|  99|0x000000070c600000, 0x000000070c800000, 0x000000070c800000|100%| O|  |TAMS 0x000000070c600000, 0x000000070c600000| Untracked 
| 100|0x000000070c800000, 0x000000070ca00000, 0x000000070ca00000|100%| O|  |TAMS 0x000000070ca00000, 0x000000070c800000| Untracked 
| 101|0x000000070ca00000, 0x000000070cc00000, 0x000000070cc00000|100%| O|  |TAMS 0x000000070ca00000, 0x000000070ca00000| Untracked 
| 102|0x000000070cc00000, 0x000000070ce00000, 0x000000070ce00000|100%| O|  |TAMS 0x000000070cc00000, 0x000000070cc00000| Untracked 
| 103|0x000000070ce00000, 0x000000070d000000, 0x000000070d000000|100%| O|  |TAMS 0x000000070ce00000, 0x000000070ce00000| Untracked 
| 104|0x000000070d000000, 0x000000070d200000, 0x000000070d200000|100%| O|  |TAMS 0x000000070d000000, 0x000000070d000000| Untracked 
| 105|0x000000070d200000, 0x000000070d400000, 0x000000070d400000|100%| O|  |TAMS 0x000000070d200000, 0x000000070d200000| Untracked 
| 106|0x000000070d400000, 0x000000070d600000, 0x000000070d600000|100%| O|  |TAMS 0x000000070d400000, 0x000000070d400000| Untracked 
| 107|0x000000070d600000, 0x000000070d800000, 0x000000070d800000|100%| O|  |TAMS 0x000000070d600000, 0x000000070d600000| Untracked 
| 108|0x000000070d800000, 0x000000070da00000, 0x000000070da00000|100%| O|  |TAMS 0x000000070d800000, 0x000000070d800000| Untracked 
| 109|0x000000070da00000, 0x000000070dc00000, 0x000000070dc00000|100%| O|  |TAMS 0x000000070dc00000, 0x000000070da00000| Untracked 
| 110|0x000000070dc00000, 0x000000070de00000, 0x000000070de00000|100%| O|  |TAMS 0x000000070de00000, 0x000000070dc00000| Untracked 
| 111|0x000000070de00000, 0x000000070e000000, 0x000000070e000000|100%| O|  |TAMS 0x000000070de00000, 0x000000070de00000| Untracked 
| 112|0x000000070e000000, 0x000000070e200000, 0x000000070e200000|100%| O|  |TAMS 0x000000070e000000, 0x000000070e000000| Untracked 
| 113|0x000000070e200000, 0x000000070e400000, 0x000000070e400000|100%| O|  |TAMS 0x000000070e200000, 0x000000070e200000| Untracked 
| 114|0x000000070e400000, 0x000000070e600000, 0x000000070e600000|100%| O|  |TAMS 0x000000070e600000, 0x000000070e400000| Untracked 
| 115|0x000000070e600000, 0x000000070e800000, 0x000000070e800000|100%| O|  |TAMS 0x000000070e800000, 0x000000070e600000| Untracked 
| 116|0x000000070e800000, 0x000000070ea00000, 0x000000070ea00000|100%| O|  |TAMS 0x000000070ea00000, 0x000000070e800000| Untracked 
| 117|0x000000070ea00000, 0x000000070ec00000, 0x000000070ec00000|100%| O|  |TAMS 0x000000070ec00000, 0x000000070ea00000| Untracked 
| 118|0x000000070ec00000, 0x000000070ee00000, 0x000000070ee00000|100%| O|  |TAMS 0x000000070ee00000, 0x000000070ec00000| Untracked 
| 119|0x000000070ee00000, 0x000000070f000000, 0x000000070f000000|100%| O|  |TAMS 0x000000070ee00000, 0x000000070ee00000| Untracked 
| 120|0x000000070f000000, 0x000000070f200000, 0x000000070f200000|100%| O|  |TAMS 0x000000070f200000, 0x000000070f000000| Untracked 
| 121|0x000000070f200000, 0x000000070f400000, 0x000000070f400000|100%| O|  |TAMS 0x000000070f200000, 0x000000070f200000| Untracked 
| 122|0x000000070f400000, 0x000000070f600000, 0x000000070f600000|100%| O|  |TAMS 0x000000070f400000, 0x000000070f400000| Untracked 
| 123|0x000000070f600000, 0x000000070f800000, 0x000000070f800000|100%| O|  |TAMS 0x000000070f800000, 0x000000070f600000| Untracked 
| 124|0x000000070f800000, 0x000000070fa00000, 0x000000070fa00000|100%| O|  |TAMS 0x000000070fa00000, 0x000000070f800000| Untracked 
| 125|0x000000070fa00000, 0x000000070fc00000, 0x000000070fc00000|100%| O|  |TAMS 0x000000070fc00000, 0x000000070fa00000| Untracked 
| 126|0x000000070fc00000, 0x000000070fe00000, 0x000000070fe00000|100%| O|  |TAMS 0x000000070fe00000, 0x000000070fc00000| Untracked 
| 127|0x000000070fe00000, 0x0000000710000000, 0x0000000710000000|100%| O|  |TAMS 0x0000000710000000, 0x000000070fe00000| Untracked 
| 128|0x0000000710000000, 0x0000000710200000, 0x0000000710200000|100%| O|  |TAMS 0x0000000710000000, 0x0000000710000000| Untracked 
| 129|0x0000000710200000, 0x0000000710400000, 0x0000000710400000|100%| O|  |TAMS 0x0000000710400000, 0x0000000710200000| Untracked 
| 130|0x0000000710400000, 0x0000000710600000, 0x0000000710600000|100%| O|  |TAMS 0x0000000710600000, 0x0000000710400000| Untracked 
| 131|0x0000000710600000, 0x0000000710800000, 0x0000000710800000|100%| O|  |TAMS 0x0000000710800000, 0x0000000710600000| Untracked 
| 132|0x0000000710800000, 0x0000000710a00000, 0x0000000710a00000|100%| O|  |TAMS 0x0000000710800000, 0x0000000710800000| Untracked 
| 133|0x0000000710a00000, 0x0000000710c00000, 0x0000000710c00000|100%| O|  |TAMS 0x0000000710a4ae00, 0x0000000710a00000| Untracked 
| 134|0x0000000710c00000, 0x0000000710e00000, 0x0000000710e00000|100%| O|  |TAMS 0x0000000710e00000, 0x0000000710c00000| Untracked 
| 135|0x0000000710e00000, 0x0000000711000000, 0x0000000711000000|100%| O|  |TAMS 0x0000000710e00000, 0x0000000710e00000| Untracked 
| 136|0x0000000711000000, 0x0000000711200000, 0x0000000711200000|100%| O|  |TAMS 0x0000000711000000, 0x0000000711000000| Untracked 
| 137|0x0000000711200000, 0x0000000711400000, 0x0000000711400000|100%| O|  |TAMS 0x0000000711200000, 0x0000000711200000| Untracked 
| 138|0x0000000711400000, 0x0000000711600000, 0x0000000711600000|100%| O|  |TAMS 0x0000000711400000, 0x0000000711400000| Untracked 
| 139|0x0000000711600000, 0x0000000711800000, 0x0000000711800000|100%| O|  |TAMS 0x0000000711600000, 0x0000000711600000| Untracked 
| 140|0x0000000711800000, 0x0000000711a00000, 0x0000000711a00000|100%| O|  |TAMS 0x0000000711800000, 0x0000000711800000| Untracked 
| 141|0x0000000711a00000, 0x0000000711c00000, 0x0000000711c00000|100%| O|  |TAMS 0x0000000711a00000, 0x0000000711a00000| Untracked 
| 142|0x0000000711c00000, 0x0000000711e00000, 0x0000000711e00000|100%| O|  |TAMS 0x0000000711c00000, 0x0000000711c00000| Untracked 
| 143|0x0000000711e00000, 0x0000000712000000, 0x0000000712000000|100%| O|  |TAMS 0x0000000711e00000, 0x0000000711e00000| Untracked 
| 144|0x0000000712000000, 0x0000000712200000, 0x0000000712200000|100%| O|  |TAMS 0x0000000712000000, 0x0000000712000000| Untracked 
| 145|0x0000000712200000, 0x0000000712400000, 0x0000000712400000|100%| O|  |TAMS 0x0000000712200000, 0x0000000712200000| Untracked 
| 146|0x0000000712400000, 0x0000000712600000, 0x0000000712600000|100%| O|  |TAMS 0x0000000712400000, 0x0000000712400000| Untracked 
| 147|0x0000000712600000, 0x0000000712800000, 0x0000000712800000|100%| O|  |TAMS 0x0000000712600000, 0x0000000712600000| Untracked 
| 148|0x0000000712800000, 0x0000000712a00000, 0x0000000712a00000|100%| O|  |TAMS 0x0000000712800000, 0x0000000712800000| Untracked 
| 149|0x0000000712a00000, 0x0000000712c00000, 0x0000000712c00000|100%| O|  |TAMS 0x0000000712a00000, 0x0000000712a00000| Untracked 
| 150|0x0000000712c00000, 0x0000000712e00000, 0x0000000712e00000|100%| O|  |TAMS 0x0000000712c00000, 0x0000000712c00000| Untracked 
| 151|0x0000000712e00000, 0x0000000713000000, 0x0000000713000000|100%| O|  |TAMS 0x0000000712e00000, 0x0000000712e00000| Untracked 
| 152|0x0000000713000000, 0x0000000713200000, 0x0000000713200000|100%| O|  |TAMS 0x0000000713200000, 0x0000000713000000| Untracked 
| 153|0x0000000713200000, 0x0000000713400000, 0x0000000713400000|100%| O|  |TAMS 0x0000000713200000, 0x0000000713200000| Untracked 
| 154|0x0000000713400000, 0x0000000713600000, 0x0000000713600000|100%| O|  |TAMS 0x0000000713600000, 0x0000000713400000| Untracked 
| 155|0x0000000713600000, 0x0000000713800000, 0x0000000713800000|100%| O|  |TAMS 0x0000000713600000, 0x0000000713600000| Untracked 
| 156|0x0000000713800000, 0x0000000713a00000, 0x0000000713a00000|100%| O|  |TAMS 0x0000000713a00000, 0x0000000713800000| Untracked 
| 157|0x0000000713a00000, 0x0000000713c00000, 0x0000000713c00000|100%| O|  |TAMS 0x0000000713a00000, 0x0000000713a00000| Untracked 
| 158|0x0000000713c00000, 0x0000000713e00000, 0x0000000713e00000|100%| O|  |TAMS 0x0000000713c00000, 0x0000000713c00000| Untracked 
| 159|0x0000000713e00000, 0x0000000714000000, 0x0000000714000000|100%| O|  |TAMS 0x0000000714000000, 0x0000000713e00000| Untracked 
| 160|0x0000000714000000, 0x0000000714200000, 0x0000000714200000|100%| O|  |TAMS 0x0000000714000000, 0x0000000714000000| Untracked 
| 161|0x0000000714200000, 0x0000000714400000, 0x0000000714400000|100%| O|  |TAMS 0x0000000714200000, 0x0000000714200000| Untracked 
| 162|0x0000000714400000, 0x0000000714600000, 0x0000000714600000|100%| O|  |TAMS 0x0000000714400000, 0x0000000714400000| Untracked 
| 163|0x0000000714600000, 0x0000000714800000, 0x0000000714800000|100%| O|  |TAMS 0x0000000714600000, 0x0000000714600000| Untracked 
| 164|0x0000000714800000, 0x0000000714a00000, 0x0000000714a00000|100%| O|  |TAMS 0x0000000714800000, 0x0000000714800000| Untracked 
| 165|0x0000000714a00000, 0x0000000714c00000, 0x0000000714c00000|100%| O|  |TAMS 0x0000000714a00000, 0x0000000714a00000| Untracked 
| 166|0x0000000714c00000, 0x0000000714e00000, 0x0000000714e00000|100%| O|  |TAMS 0x0000000714c00000, 0x0000000714c00000| Untracked 
| 167|0x0000000714e00000, 0x0000000715000000, 0x0000000715000000|100%| O|  |TAMS 0x0000000714e00000, 0x0000000714e00000| Untracked 
| 168|0x0000000715000000, 0x0000000715200000, 0x0000000715200000|100%| O|  |TAMS 0x0000000715200000, 0x0000000715000000| Untracked 
| 169|0x0000000715200000, 0x0000000715400000, 0x0000000715400000|100%| O|  |TAMS 0x0000000715400000, 0x0000000715200000| Untracked 
| 170|0x0000000715400000, 0x0000000715600000, 0x0000000715600000|100%| O|  |TAMS 0x0000000715600000, 0x0000000715400000| Untracked 
| 171|0x0000000715600000, 0x0000000715800000, 0x0000000715800000|100%| O|  |TAMS 0x0000000715800000, 0x0000000715600000| Untracked 
| 172|0x0000000715800000, 0x0000000715a00000, 0x0000000715a00000|100%| O|  |TAMS 0x0000000715a00000, 0x0000000715800000| Untracked 
| 173|0x0000000715a00000, 0x0000000715c00000, 0x0000000715c00000|100%| O|  |TAMS 0x0000000715c00000, 0x0000000715a00000| Untracked 
| 174|0x0000000715c00000, 0x0000000715e00000, 0x0000000715e00000|100%| O|  |TAMS 0x0000000715e00000, 0x0000000715c00000| Untracked 
| 175|0x0000000715e00000, 0x0000000716000000, 0x0000000716000000|100%| O|  |TAMS 0x0000000715e00000, 0x0000000715e00000| Untracked 
| 176|0x0000000716000000, 0x0000000716200000, 0x0000000716200000|100%|HS|  |TAMS 0x0000000716000000, 0x0000000716000000| Complete 
| 177|0x0000000716200000, 0x0000000716400000, 0x0000000716400000|100%| O|  |TAMS 0x0000000716400000, 0x0000000716200000| Untracked 
| 178|0x0000000716400000, 0x0000000716600000, 0x0000000716600000|100%| O|  |TAMS 0x0000000716600000, 0x0000000716400000| Untracked 
| 179|0x0000000716600000, 0x0000000716800000, 0x0000000716800000|100%| O|  |TAMS 0x0000000716800000, 0x0000000716600000| Untracked 
| 180|0x0000000716800000, 0x0000000716a00000, 0x0000000716a00000|100%| O|  |TAMS 0x0000000716800000, 0x0000000716800000| Untracked 
| 181|0x0000000716a00000, 0x0000000716c00000, 0x0000000716c00000|100%| O|  |TAMS 0x0000000716a00000, 0x0000000716a00000| Untracked 
| 182|0x0000000716c00000, 0x0000000716e00000, 0x0000000716e00000|100%| O|  |TAMS 0x0000000716c00000, 0x0000000716c00000| Untracked 
| 183|0x0000000716e00000, 0x0000000717000000, 0x0000000717000000|100%| O|  |TAMS 0x0000000716e00000, 0x0000000716e00000| Untracked 
| 184|0x0000000717000000, 0x0000000717200000, 0x0000000717200000|100%| O|  |TAMS 0x0000000717000000, 0x0000000717000000| Untracked 
| 185|0x0000000717200000, 0x0000000717400000, 0x0000000717400000|100%| O|  |TAMS 0x0000000717200000, 0x0000000717200000| Untracked 
| 186|0x0000000717400000, 0x0000000717600000, 0x0000000717600000|100%| O|  |TAMS 0x0000000717400000, 0x0000000717400000| Untracked 
| 187|0x0000000717600000, 0x0000000717800000, 0x0000000717800000|100%| O|  |TAMS 0x0000000717600000, 0x0000000717600000| Untracked 
| 188|0x0000000717800000, 0x0000000717a00000, 0x0000000717a00000|100%| O|  |TAMS 0x0000000717800000, 0x0000000717800000| Untracked 
| 189|0x0000000717a00000, 0x0000000717c00000, 0x0000000717c00000|100%| O|  |TAMS 0x0000000717a00000, 0x0000000717a00000| Untracked 
| 190|0x0000000717c00000, 0x0000000717e00000, 0x0000000717e00000|100%| O|  |TAMS 0x0000000717c00000, 0x0000000717c00000| Untracked 
| 191|0x0000000717e00000, 0x0000000718000000, 0x0000000718000000|100%| O|  |TAMS 0x0000000717e00000, 0x0000000717e00000| Untracked 
| 192|0x0000000718000000, 0x0000000718200000, 0x0000000718200000|100%| O|  |TAMS 0x0000000718000000, 0x0000000718000000| Untracked 
| 193|0x0000000718200000, 0x0000000718400000, 0x0000000718400000|100%| O|  |TAMS 0x0000000718200000, 0x0000000718200000| Untracked 
| 194|0x0000000718400000, 0x0000000718600000, 0x0000000718600000|100%| O|  |TAMS 0x0000000718400000, 0x0000000718400000| Untracked 
| 195|0x0000000718600000, 0x0000000718800000, 0x0000000718800000|100%| O|  |TAMS 0x0000000718600000, 0x0000000718600000| Untracked 
| 196|0x0000000718800000, 0x0000000718a00000, 0x0000000718a00000|100%| O|  |TAMS 0x0000000718800000, 0x0000000718800000| Untracked 
| 197|0x0000000718a00000, 0x0000000718c00000, 0x0000000718c00000|100%| O|  |TAMS 0x0000000718a00000, 0x0000000718a00000| Untracked 
| 198|0x0000000718c00000, 0x0000000718e00000, 0x0000000718e00000|100%| O|  |TAMS 0x0000000718c00000, 0x0000000718c00000| Untracked 
| 199|0x0000000718e00000, 0x0000000719000000, 0x0000000719000000|100%| O|  |TAMS 0x0000000718e00000, 0x0000000718e00000| Untracked 
| 200|0x0000000719000000, 0x0000000719200000, 0x0000000719200000|100%| O|  |TAMS 0x0000000719000000, 0x0000000719000000| Untracked 
| 201|0x0000000719200000, 0x0000000719400000, 0x0000000719400000|100%|HS|  |TAMS 0x0000000719400000, 0x0000000719200000| Complete 
| 202|0x0000000719400000, 0x0000000719600000, 0x0000000719600000|100%|HS|  |TAMS 0x0000000719600000, 0x0000000719400000| Complete 
| 203|0x0000000719600000, 0x0000000719800000, 0x0000000719800000|100%|HC|  |TAMS 0x0000000719800000, 0x0000000719600000| Complete 
| 204|0x0000000719800000, 0x0000000719a00000, 0x0000000719a00000|100%| O|  |TAMS 0x0000000719800000, 0x0000000719800000| Untracked 
| 205|0x0000000719a00000, 0x0000000719c00000, 0x0000000719c00000|100%| O|  |TAMS 0x0000000719a00000, 0x0000000719a00000| Untracked 
| 206|0x0000000719c00000, 0x0000000719e00000, 0x0000000719e00000|100%| O|  |TAMS 0x0000000719c00000, 0x0000000719c00000| Untracked 
| 207|0x0000000719e00000, 0x000000071a000000, 0x000000071a000000|100%| O|  |TAMS 0x0000000719e00000, 0x0000000719e00000| Untracked 
| 208|0x000000071a000000, 0x000000071a200000, 0x000000071a200000|100%| O|  |TAMS 0x000000071a000000, 0x000000071a000000| Untracked 
| 209|0x000000071a200000, 0x000000071a400000, 0x000000071a400000|100%| O|  |TAMS 0x000000071a200000, 0x000000071a200000| Untracked 
| 210|0x000000071a400000, 0x000000071a600000, 0x000000071a600000|100%| O|  |TAMS 0x000000071a400000, 0x000000071a400000| Untracked 
| 211|0x000000071a600000, 0x000000071a800000, 0x000000071a800000|100%| O|  |TAMS 0x000000071a600000, 0x000000071a600000| Untracked 
| 212|0x000000071a800000, 0x000000071aa00000, 0x000000071aa00000|100%| O|  |TAMS 0x000000071a800000, 0x000000071a800000| Untracked 
| 213|0x000000071aa00000, 0x000000071ac00000, 0x000000071ac00000|100%| O|  |TAMS 0x000000071aa00000, 0x000000071aa00000| Untracked 
| 214|0x000000071ac00000, 0x000000071ae00000, 0x000000071ae00000|100%| O|  |TAMS 0x000000071ac00000, 0x000000071ac00000| Untracked 
| 215|0x000000071ae00000, 0x000000071b000000, 0x000000071b000000|100%| O|  |TAMS 0x000000071ae00000, 0x000000071ae00000| Untracked 
| 216|0x000000071b000000, 0x000000071b200000, 0x000000071b200000|100%| O|  |TAMS 0x000000071b200000, 0x000000071b000000| Untracked 
| 217|0x000000071b200000, 0x000000071b400000, 0x000000071b400000|100%| O|  |TAMS 0x000000071b400000, 0x000000071b200000| Untracked 
| 218|0x000000071b400000, 0x000000071b600000, 0x000000071b600000|100%| O|  |TAMS 0x000000071b600000, 0x000000071b400000| Untracked 
| 219|0x000000071b600000, 0x000000071b800000, 0x000000071b800000|100%| O|  |TAMS 0x000000071b800000, 0x000000071b600000| Untracked 
| 220|0x000000071b800000, 0x000000071ba00000, 0x000000071ba00000|100%| O|  |TAMS 0x000000071ba00000, 0x000000071b800000| Untracked 
| 221|0x000000071ba00000, 0x000000071bc00000, 0x000000071bc00000|100%| O|  |TAMS 0x000000071ba00000, 0x000000071ba00000| Untracked 
| 222|0x000000071bc00000, 0x000000071be00000, 0x000000071be00000|100%| O|  |TAMS 0x000000071bc00000, 0x000000071bc00000| Untracked 
| 223|0x000000071be00000, 0x000000071c000000, 0x000000071c000000|100%| O|  |TAMS 0x000000071be00000, 0x000000071be00000| Untracked 
| 224|0x000000071c000000, 0x000000071c200000, 0x000000071c200000|100%| O|  |TAMS 0x000000071c000000, 0x000000071c000000| Untracked 
| 225|0x000000071c200000, 0x000000071c400000, 0x000000071c400000|100%| O|  |TAMS 0x000000071c200000, 0x000000071c200000| Untracked 
| 226|0x000000071c400000, 0x000000071c600000, 0x000000071c600000|100%| O|  |TAMS 0x000000071c400000, 0x000000071c400000| Untracked 
| 227|0x000000071c600000, 0x000000071c800000, 0x000000071c800000|100%| O|  |TAMS 0x000000071c600000, 0x000000071c600000| Untracked 
| 228|0x000000071c800000, 0x000000071ca00000, 0x000000071ca00000|100%| O|  |TAMS 0x000000071c800000, 0x000000071c800000| Untracked 
| 229|0x000000071ca00000, 0x000000071cc00000, 0x000000071cc00000|100%| O|  |TAMS 0x000000071ca00000, 0x000000071ca00000| Untracked 
| 230|0x000000071cc00000, 0x000000071ce00000, 0x000000071ce00000|100%| O|  |TAMS 0x000000071cc00000, 0x000000071cc00000| Untracked 
| 231|0x000000071ce00000, 0x000000071d000000, 0x000000071d000000|100%| O|  |TAMS 0x000000071ce00000, 0x000000071ce00000| Untracked 
| 232|0x000000071d000000, 0x000000071d200000, 0x000000071d200000|100%| O|  |TAMS 0x000000071d000000, 0x000000071d000000| Untracked 
| 233|0x000000071d200000, 0x000000071d400000, 0x000000071d400000|100%| O|  |TAMS 0x000000071d200000, 0x000000071d200000| Untracked 
| 234|0x000000071d400000, 0x000000071d600000, 0x000000071d600000|100%| O|  |TAMS 0x000000071d400000, 0x000000071d400000| Untracked 
| 235|0x000000071d600000, 0x000000071d800000, 0x000000071d800000|100%| O|  |TAMS 0x000000071d600000, 0x000000071d600000| Untracked 
| 236|0x000000071d800000, 0x000000071da00000, 0x000000071da00000|100%| O|  |TAMS 0x000000071d800000, 0x000000071d800000| Untracked 
| 237|0x000000071da00000, 0x000000071dc00000, 0x000000071dc00000|100%| O|  |TAMS 0x000000071da00000, 0x000000071da00000| Untracked 
| 238|0x000000071dc00000, 0x000000071de00000, 0x000000071de00000|100%| O|  |TAMS 0x000000071dc00000, 0x000000071dc00000| Untracked 
| 239|0x000000071de00000, 0x000000071e000000, 0x000000071e000000|100%| O|  |TAMS 0x000000071de00000, 0x000000071de00000| Untracked 
| 240|0x000000071e000000, 0x000000071e200000, 0x000000071e200000|100%| O|  |TAMS 0x000000071e000000, 0x000000071e000000| Untracked 
| 241|0x000000071e200000, 0x000000071e400000, 0x000000071e400000|100%| O|  |TAMS 0x000000071e200000, 0x000000071e200000| Untracked 
| 242|0x000000071e400000, 0x000000071e600000, 0x000000071e600000|100%| O|  |TAMS 0x000000071e400000, 0x000000071e400000| Untracked 
| 243|0x000000071e600000, 0x000000071e800000, 0x000000071e800000|100%| O|  |TAMS 0x000000071e600000, 0x000000071e600000| Untracked 
| 244|0x000000071e800000, 0x000000071ea00000, 0x000000071ea00000|100%| O|  |TAMS 0x000000071e800000, 0x000000071e800000| Untracked 
| 245|0x000000071ea00000, 0x000000071ec00000, 0x000000071ec00000|100%| O|  |TAMS 0x000000071ea00000, 0x000000071ea00000| Untracked 
| 246|0x000000071ec00000, 0x000000071ee00000, 0x000000071ee00000|100%| O|  |TAMS 0x000000071ec00000, 0x000000071ec00000| Untracked 
| 247|0x000000071ee00000, 0x000000071f000000, 0x000000071f000000|100%| O|  |TAMS 0x000000071ee00000, 0x000000071ee00000| Untracked 
| 248|0x000000071f000000, 0x000000071f200000, 0x000000071f200000|100%| O|  |TAMS 0x000000071f000000, 0x000000071f000000| Untracked 
| 249|0x000000071f200000, 0x000000071f400000, 0x000000071f400000|100%| O|  |TAMS 0x000000071f200000, 0x000000071f200000| Untracked 
| 250|0x000000071f400000, 0x000000071f600000, 0x000000071f600000|100%| O|  |TAMS 0x000000071f400000, 0x000000071f400000| Untracked 
| 251|0x000000071f600000, 0x000000071f800000, 0x000000071f800000|100%| O|  |TAMS 0x000000071f600000, 0x000000071f600000| Untracked 
| 252|0x000000071f800000, 0x000000071f800000, 0x000000071fa00000|  0%| F|  |TAMS 0x000000071f800000, 0x000000071f800000| Untracked 
| 253|0x000000071fa00000, 0x000000071fa00000, 0x000000071fc00000|  0%| F|  |TAMS 0x000000071fa00000, 0x000000071fa00000| Untracked 
| 254|0x000000071fc00000, 0x000000071fc00000, 0x000000071fe00000|  0%| F|  |TAMS 0x000000071fc00000, 0x000000071fc00000| Untracked 
| 255|0x000000071fe00000, 0x000000071fe00000, 0x0000000720000000|  0%| F|  |TAMS 0x000000071fe00000, 0x000000071fe00000| Untracked 
| 256|0x0000000720000000, 0x0000000720000000, 0x0000000720200000|  0%| F|  |TAMS 0x0000000720000000, 0x0000000720000000| Untracked 
| 257|0x0000000720200000, 0x0000000720200000, 0x0000000720400000|  0%| F|  |TAMS 0x0000000720200000, 0x0000000720200000| Untracked 
| 258|0x0000000720400000, 0x0000000720400000, 0x0000000720600000|  0%| F|  |TAMS 0x0000000720400000, 0x0000000720400000| Untracked 
| 259|0x0000000720600000, 0x0000000720600000, 0x0000000720800000|  0%| F|  |TAMS 0x0000000720600000, 0x0000000720600000| Untracked 
| 260|0x0000000720800000, 0x0000000720800000, 0x0000000720a00000|  0%| F|  |TAMS 0x0000000720800000, 0x0000000720800000| Untracked 
| 261|0x0000000720a00000, 0x0000000720c00000, 0x0000000720c00000|100%|HS|  |TAMS 0x0000000720a00000, 0x0000000720a00000| Complete 
| 262|0x0000000720c00000, 0x0000000720c00000, 0x0000000720e00000|  0%| F|  |TAMS 0x0000000720c00000, 0x0000000720c00000| Untracked 
| 263|0x0000000720e00000, 0x0000000720e00000, 0x0000000721000000|  0%| F|  |TAMS 0x0000000720e00000, 0x0000000720e00000| Untracked 
| 264|0x0000000721000000, 0x0000000721000000, 0x0000000721200000|  0%| F|  |TAMS 0x0000000721000000, 0x0000000721000000| Untracked 
| 265|0x0000000721200000, 0x0000000721200000, 0x0000000721400000|  0%| F|  |TAMS 0x0000000721200000, 0x0000000721200000| Untracked 
| 266|0x0000000721400000, 0x0000000721400000, 0x0000000721600000|  0%| F|  |TAMS 0x0000000721400000, 0x0000000721400000| Untracked 
| 267|0x0000000721600000, 0x0000000721600000, 0x0000000721800000|  0%| F|  |TAMS 0x0000000721600000, 0x0000000721600000| Untracked 
| 268|0x0000000721800000, 0x0000000721800000, 0x0000000721a00000|  0%| F|  |TAMS 0x0000000721800000, 0x0000000721800000| Untracked 
| 269|0x0000000721a00000, 0x0000000721c00000, 0x0000000721c00000|100%|HS|  |TAMS 0x0000000721a00000, 0x0000000721a00000| Complete 
| 270|0x0000000721c00000, 0x0000000721e00000, 0x0000000721e00000|100%|HC|  |TAMS 0x0000000721c00000, 0x0000000721c00000| Complete 
| 271|0x0000000721e00000, 0x0000000722000000, 0x0000000722000000|100%|HC|  |TAMS 0x0000000721e00000, 0x0000000721e00000| Complete 
| 272|0x0000000722000000, 0x0000000722200000, 0x0000000722200000|100%|HC|  |TAMS 0x0000000722000000, 0x0000000722000000| Complete 
| 273|0x0000000722200000, 0x0000000722400000, 0x0000000722400000|100%|HC|  |TAMS 0x0000000722200000, 0x0000000722200000| Complete 
| 274|0x0000000722400000, 0x0000000722600000, 0x0000000722600000|100%|HC|  |TAMS 0x0000000722400000, 0x0000000722400000| Complete 
| 275|0x0000000722600000, 0x0000000722800000, 0x0000000722800000|100%|HC|  |TAMS 0x0000000722600000, 0x0000000722600000| Complete 
| 276|0x0000000722800000, 0x0000000722a00000, 0x0000000722a00000|100%|HS|  |TAMS 0x0000000722800000, 0x0000000722800000| Complete 
| 277|0x0000000722a00000, 0x0000000722a00000, 0x0000000722c00000|  0%| F|  |TAMS 0x0000000722a00000, 0x0000000722a00000| Untracked 
| 278|0x0000000722c00000, 0x0000000722c00000, 0x0000000722e00000|  0%| F|  |TAMS 0x0000000722c00000, 0x0000000722c00000| Untracked 
| 279|0x0000000722e00000, 0x0000000722e00000, 0x0000000723000000|  0%| F|  |TAMS 0x0000000722e00000, 0x0000000722e00000| Untracked 
| 280|0x0000000723000000, 0x0000000723000000, 0x0000000723200000|  0%| F|  |TAMS 0x0000000723000000, 0x0000000723000000| Untracked 
| 281|0x0000000723200000, 0x0000000723200000, 0x0000000723400000|  0%| F|  |TAMS 0x0000000723200000, 0x0000000723200000| Untracked 
| 282|0x0000000723400000, 0x0000000723400000, 0x0000000723600000|  0%| F|  |TAMS 0x0000000723400000, 0x0000000723400000| Untracked 
| 283|0x0000000723600000, 0x0000000723600000, 0x0000000723800000|  0%| F|  |TAMS 0x0000000723600000, 0x0000000723600000| Untracked 
| 284|0x0000000723800000, 0x0000000723800000, 0x0000000723a00000|  0%| F|  |TAMS 0x0000000723800000, 0x0000000723800000| Untracked 
| 285|0x0000000723a00000, 0x0000000723a00000, 0x0000000723c00000|  0%| F|  |TAMS 0x0000000723a00000, 0x0000000723a00000| Untracked 
| 286|0x0000000723c00000, 0x0000000723c00000, 0x0000000723e00000|  0%| F|  |TAMS 0x0000000723c00000, 0x0000000723c00000| Untracked 
| 287|0x0000000723e00000, 0x0000000724000000, 0x0000000724000000|100%| O|  |TAMS 0x0000000723e00000, 0x0000000723e00000| Untracked 
| 288|0x0000000724000000, 0x0000000724200000, 0x0000000724200000|100%| O|  |TAMS 0x0000000724000000, 0x0000000724000000| Untracked 
| 289|0x0000000724200000, 0x0000000724400000, 0x0000000724400000|100%| O|  |TAMS 0x0000000724200000, 0x0000000724200000| Untracked 
| 290|0x0000000724400000, 0x0000000724600000, 0x0000000724600000|100%| O|  |TAMS 0x0000000724400000, 0x0000000724400000| Untracked 
| 291|0x0000000724600000, 0x0000000724800000, 0x0000000724800000|100%| O|  |TAMS 0x0000000724600000, 0x0000000724600000| Untracked 
| 292|0x0000000724800000, 0x0000000724a00000, 0x0000000724a00000|100%| O|  |TAMS 0x0000000724800000, 0x0000000724800000| Untracked 
| 293|0x0000000724a00000, 0x0000000724c00000, 0x0000000724c00000|100%| O|  |TAMS 0x0000000724a00000, 0x0000000724a00000| Untracked 
| 294|0x0000000724c00000, 0x0000000724e00000, 0x0000000724e00000|100%| O|  |TAMS 0x0000000724c00000, 0x0000000724c00000| Untracked 
| 295|0x0000000724e00000, 0x0000000725000000, 0x0000000725000000|100%| O|  |TAMS 0x0000000724e00000, 0x0000000724e00000| Untracked 
| 296|0x0000000725000000, 0x0000000725200000, 0x0000000725200000|100%| O|  |TAMS 0x0000000725000000, 0x0000000725000000| Untracked 
| 297|0x0000000725200000, 0x0000000725400000, 0x0000000725400000|100%| O|  |TAMS 0x0000000725200000, 0x0000000725200000| Untracked 
| 298|0x0000000725400000, 0x0000000725600000, 0x0000000725600000|100%| O|  |TAMS 0x0000000725400000, 0x0000000725400000| Untracked 
| 299|0x0000000725600000, 0x0000000725800000, 0x0000000725800000|100%| O|  |TAMS 0x0000000725600000, 0x0000000725600000| Untracked 
| 300|0x0000000725800000, 0x0000000725a00000, 0x0000000725a00000|100%| O|  |TAMS 0x0000000725800000, 0x0000000725800000| Untracked 
| 301|0x0000000725a00000, 0x0000000725c00000, 0x0000000725c00000|100%| O|  |TAMS 0x0000000725a00000, 0x0000000725a00000| Untracked 
| 302|0x0000000725c00000, 0x0000000725e00000, 0x0000000725e00000|100%| O|  |TAMS 0x0000000725c00000, 0x0000000725c00000| Untracked 
| 303|0x0000000725e00000, 0x0000000726000000, 0x0000000726000000|100%| O|  |TAMS 0x0000000725e00000, 0x0000000725e00000| Untracked 
| 304|0x0000000726000000, 0x0000000726200000, 0x0000000726200000|100%| O|  |TAMS 0x0000000726000000, 0x0000000726000000| Untracked 
| 305|0x0000000726200000, 0x0000000726400000, 0x0000000726400000|100%| O|  |TAMS 0x0000000726200000, 0x0000000726200000| Untracked 
| 306|0x0000000726400000, 0x0000000726600000, 0x0000000726600000|100%| O|  |TAMS 0x0000000726400000, 0x0000000726400000| Untracked 
| 307|0x0000000726600000, 0x0000000726800000, 0x0000000726800000|100%| O|  |TAMS 0x0000000726600000, 0x0000000726600000| Untracked 
| 308|0x0000000726800000, 0x0000000726a00000, 0x0000000726a00000|100%| O|  |TAMS 0x0000000726800000, 0x0000000726800000| Untracked 
| 309|0x0000000726a00000, 0x0000000726c00000, 0x0000000726c00000|100%| O|  |TAMS 0x0000000726a00000, 0x0000000726a00000| Untracked 
| 310|0x0000000726c00000, 0x0000000726e00000, 0x0000000726e00000|100%| O|  |TAMS 0x0000000726c00000, 0x0000000726c00000| Untracked 
| 311|0x0000000726e00000, 0x0000000727000000, 0x0000000727000000|100%| O|  |TAMS 0x0000000726e00000, 0x0000000726e00000| Untracked 
| 312|0x0000000727000000, 0x00000007270fde00, 0x0000000727200000| 49%| O|  |TAMS 0x0000000727000000, 0x0000000727000000| Untracked 
| 313|0x0000000727200000, 0x0000000727200000, 0x0000000727400000|  0%| F|  |TAMS 0x0000000727200000, 0x0000000727200000| Untracked 
| 314|0x0000000727400000, 0x0000000727400000, 0x0000000727600000|  0%| F|  |TAMS 0x0000000727400000, 0x0000000727400000| Untracked 
| 315|0x0000000727600000, 0x0000000727600000, 0x0000000727800000|  0%| F|  |TAMS 0x0000000727600000, 0x0000000727600000| Untracked 
| 316|0x0000000727800000, 0x0000000727800000, 0x0000000727a00000|  0%| F|  |TAMS 0x0000000727800000, 0x0000000727800000| Untracked 
| 317|0x0000000727a00000, 0x0000000727a00000, 0x0000000727c00000|  0%| F|  |TAMS 0x0000000727a00000, 0x0000000727a00000| Untracked 
| 318|0x0000000727c00000, 0x0000000727c00000, 0x0000000727e00000|  0%| F|  |TAMS 0x0000000727c00000, 0x0000000727c00000| Untracked 
| 319|0x0000000727e00000, 0x0000000727e00000, 0x0000000728000000|  0%| F|  |TAMS 0x0000000727e00000, 0x0000000727e00000| Untracked 
| 320|0x0000000728000000, 0x0000000728000000, 0x0000000728200000|  0%| F|  |TAMS 0x0000000728000000, 0x0000000728000000| Untracked 
| 321|0x0000000728200000, 0x0000000728200000, 0x0000000728400000|  0%| F|  |TAMS 0x0000000728200000, 0x0000000728200000| Untracked 
| 322|0x0000000728400000, 0x0000000728400000, 0x0000000728600000|  0%| F|  |TAMS 0x0000000728400000, 0x0000000728400000| Untracked 
| 323|0x0000000728600000, 0x0000000728600000, 0x0000000728800000|  0%| F|  |TAMS 0x0000000728600000, 0x0000000728600000| Untracked 
| 324|0x0000000728800000, 0x0000000728800000, 0x0000000728a00000|  0%| F|  |TAMS 0x0000000728800000, 0x0000000728800000| Untracked 
| 325|0x0000000728a00000, 0x0000000728a00000, 0x0000000728c00000|  0%| F|  |TAMS 0x0000000728a00000, 0x0000000728a00000| Untracked 
| 326|0x0000000728c00000, 0x0000000728c00000, 0x0000000728e00000|  0%| F|  |TAMS 0x0000000728c00000, 0x0000000728c00000| Untracked 
| 327|0x0000000728e00000, 0x0000000728e00000, 0x0000000729000000|  0%| F|  |TAMS 0x0000000728e00000, 0x0000000728e00000| Untracked 
| 328|0x0000000729000000, 0x0000000729000000, 0x0000000729200000|  0%| F|  |TAMS 0x0000000729000000, 0x0000000729000000| Untracked 
| 329|0x0000000729200000, 0x0000000729200000, 0x0000000729400000|  0%| F|  |TAMS 0x0000000729200000, 0x0000000729200000| Untracked 
| 330|0x0000000729400000, 0x0000000729400000, 0x0000000729600000|  0%| F|  |TAMS 0x0000000729400000, 0x0000000729400000| Untracked 
| 331|0x0000000729600000, 0x0000000729600000, 0x0000000729800000|  0%| F|  |TAMS 0x0000000729600000, 0x0000000729600000| Untracked 
| 332|0x0000000729800000, 0x0000000729800000, 0x0000000729a00000|  0%| F|  |TAMS 0x0000000729800000, 0x0000000729800000| Untracked 
| 333|0x0000000729a00000, 0x0000000729a00000, 0x0000000729c00000|  0%| F|  |TAMS 0x0000000729a00000, 0x0000000729a00000| Untracked 
| 334|0x0000000729c00000, 0x0000000729c00000, 0x0000000729e00000|  0%| F|  |TAMS 0x0000000729c00000, 0x0000000729c00000| Untracked 
| 335|0x0000000729e00000, 0x0000000729e00000, 0x000000072a000000|  0%| F|  |TAMS 0x0000000729e00000, 0x0000000729e00000| Untracked 
| 336|0x000000072a000000, 0x000000072a000000, 0x000000072a200000|  0%| F|  |TAMS 0x000000072a000000, 0x000000072a000000| Untracked 
| 337|0x000000072a200000, 0x000000072a200000, 0x000000072a400000|  0%| F|  |TAMS 0x000000072a200000, 0x000000072a200000| Untracked 
| 338|0x000000072a400000, 0x000000072a400000, 0x000000072a600000|  0%| F|  |TAMS 0x000000072a400000, 0x000000072a400000| Untracked 
| 339|0x000000072a600000, 0x000000072a600000, 0x000000072a800000|  0%| F|  |TAMS 0x000000072a600000, 0x000000072a600000| Untracked 
| 340|0x000000072a800000, 0x000000072a800000, 0x000000072aa00000|  0%| F|  |TAMS 0x000000072a800000, 0x000000072a800000| Untracked 
| 341|0x000000072aa00000, 0x000000072aa00000, 0x000000072ac00000|  0%| F|  |TAMS 0x000000072aa00000, 0x000000072aa00000| Untracked 
| 342|0x000000072ac00000, 0x000000072ac00000, 0x000000072ae00000|  0%| F|  |TAMS 0x000000072ac00000, 0x000000072ac00000| Untracked 
| 343|0x000000072ae00000, 0x000000072ae00000, 0x000000072b000000|  0%| F|  |TAMS 0x000000072ae00000, 0x000000072ae00000| Untracked 
| 344|0x000000072b000000, 0x000000072b000000, 0x000000072b200000|  0%| F|  |TAMS 0x000000072b000000, 0x000000072b000000| Untracked 
| 345|0x000000072b200000, 0x000000072b200000, 0x000000072b400000|  0%| F|  |TAMS 0x000000072b200000, 0x000000072b200000| Untracked 
| 346|0x000000072b400000, 0x000000072b400000, 0x000000072b600000|  0%| F|  |TAMS 0x000000072b400000, 0x000000072b400000| Untracked 
| 347|0x000000072b600000, 0x000000072b600000, 0x000000072b800000|  0%| F|  |TAMS 0x000000072b600000, 0x000000072b600000| Untracked 
| 348|0x000000072b800000, 0x000000072b800000, 0x000000072ba00000|  0%| F|  |TAMS 0x000000072b800000, 0x000000072b800000| Untracked 
| 349|0x000000072ba00000, 0x000000072ba00000, 0x000000072bc00000|  0%| F|  |TAMS 0x000000072ba00000, 0x000000072ba00000| Untracked 
| 350|0x000000072bc00000, 0x000000072bc00000, 0x000000072be00000|  0%| F|  |TAMS 0x000000072bc00000, 0x000000072bc00000| Untracked 
| 351|0x000000072be00000, 0x000000072be00000, 0x000000072c000000|  0%| F|  |TAMS 0x000000072be00000, 0x000000072be00000| Untracked 
| 352|0x000000072c000000, 0x000000072c000000, 0x000000072c200000|  0%| F|  |TAMS 0x000000072c000000, 0x000000072c000000| Untracked 
| 353|0x000000072c200000, 0x000000072c200000, 0x000000072c400000|  0%| F|  |TAMS 0x000000072c200000, 0x000000072c200000| Untracked 
| 354|0x000000072c400000, 0x000000072c400000, 0x000000072c600000|  0%| F|  |TAMS 0x000000072c400000, 0x000000072c400000| Untracked 
| 355|0x000000072c600000, 0x000000072c600000, 0x000000072c800000|  0%| F|  |TAMS 0x000000072c600000, 0x000000072c600000| Untracked 
| 356|0x000000072c800000, 0x000000072c800000, 0x000000072ca00000|  0%| F|  |TAMS 0x000000072c800000, 0x000000072c800000| Untracked 
| 357|0x000000072ca00000, 0x000000072ca00000, 0x000000072cc00000|  0%| F|  |TAMS 0x000000072ca00000, 0x000000072ca00000| Untracked 
| 358|0x000000072cc00000, 0x000000072cc00000, 0x000000072ce00000|  0%| F|  |TAMS 0x000000072cc00000, 0x000000072cc00000| Untracked 
| 359|0x000000072ce00000, 0x000000072ce00000, 0x000000072d000000|  0%| F|  |TAMS 0x000000072ce00000, 0x000000072ce00000| Untracked 
| 360|0x000000072d000000, 0x000000072d000000, 0x000000072d200000|  0%| F|  |TAMS 0x000000072d000000, 0x000000072d000000| Untracked 
| 361|0x000000072d200000, 0x000000072d200000, 0x000000072d400000|  0%| F|  |TAMS 0x000000072d200000, 0x000000072d200000| Untracked 
| 362|0x000000072d400000, 0x000000072d400000, 0x000000072d600000|  0%| F|  |TAMS 0x000000072d400000, 0x000000072d400000| Untracked 
| 363|0x000000072d600000, 0x000000072d600000, 0x000000072d800000|  0%| F|  |TAMS 0x000000072d600000, 0x000000072d600000| Untracked 
| 364|0x000000072d800000, 0x000000072d800000, 0x000000072da00000|  0%| F|  |TAMS 0x000000072d800000, 0x000000072d800000| Untracked 
| 365|0x000000072da00000, 0x000000072da00000, 0x000000072dc00000|  0%| F|  |TAMS 0x000000072da00000, 0x000000072da00000| Untracked 
| 366|0x000000072dc00000, 0x000000072dc00000, 0x000000072de00000|  0%| F|  |TAMS 0x000000072dc00000, 0x000000072dc00000| Untracked 
| 367|0x000000072de00000, 0x000000072de00000, 0x000000072e000000|  0%| F|  |TAMS 0x000000072de00000, 0x000000072de00000| Untracked 
| 368|0x000000072e000000, 0x000000072e000000, 0x000000072e200000|  0%| F|  |TAMS 0x000000072e000000, 0x000000072e000000| Untracked 
| 369|0x000000072e200000, 0x000000072e200000, 0x000000072e400000|  0%| F|  |TAMS 0x000000072e200000, 0x000000072e200000| Untracked 
| 370|0x000000072e400000, 0x000000072e400000, 0x000000072e600000|  0%| F|  |TAMS 0x000000072e400000, 0x000000072e400000| Untracked 
| 371|0x000000072e600000, 0x000000072e600000, 0x000000072e800000|  0%| F|  |TAMS 0x000000072e600000, 0x000000072e600000| Untracked 
| 372|0x000000072e800000, 0x000000072e800000, 0x000000072ea00000|  0%| F|  |TAMS 0x000000072e800000, 0x000000072e800000| Untracked 
| 373|0x000000072ea00000, 0x000000072ea00000, 0x000000072ec00000|  0%| F|  |TAMS 0x000000072ea00000, 0x000000072ea00000| Untracked 
| 374|0x000000072ec00000, 0x000000072ec00000, 0x000000072ee00000|  0%| F|  |TAMS 0x000000072ec00000, 0x000000072ec00000| Untracked 
| 375|0x000000072ee00000, 0x000000072ee00000, 0x000000072f000000|  0%| F|  |TAMS 0x000000072ee00000, 0x000000072ee00000| Untracked 
| 376|0x000000072f000000, 0x000000072f000000, 0x000000072f200000|  0%| F|  |TAMS 0x000000072f000000, 0x000000072f000000| Untracked 
| 377|0x000000072f200000, 0x000000072f200000, 0x000000072f400000|  0%| F|  |TAMS 0x000000072f200000, 0x000000072f200000| Untracked 
| 378|0x000000072f400000, 0x000000072f400000, 0x000000072f600000|  0%| F|  |TAMS 0x000000072f400000, 0x000000072f400000| Untracked 
| 379|0x000000072f600000, 0x000000072f600000, 0x000000072f800000|  0%| F|  |TAMS 0x000000072f600000, 0x000000072f600000| Untracked 
| 380|0x000000072f800000, 0x000000072f800000, 0x000000072fa00000|  0%| F|  |TAMS 0x000000072f800000, 0x000000072f800000| Untracked 
| 381|0x000000072fa00000, 0x000000072fa00000, 0x000000072fc00000|  0%| F|  |TAMS 0x000000072fa00000, 0x000000072fa00000| Untracked 
| 382|0x000000072fc00000, 0x000000072fc00000, 0x000000072fe00000|  0%| F|  |TAMS 0x000000072fc00000, 0x000000072fc00000| Untracked 
| 383|0x000000072fe00000, 0x000000072fe00000, 0x0000000730000000|  0%| F|  |TAMS 0x000000072fe00000, 0x000000072fe00000| Untracked 
| 384|0x0000000730000000, 0x0000000730000000, 0x0000000730200000|  0%| F|  |TAMS 0x0000000730000000, 0x0000000730000000| Untracked 
| 385|0x0000000730200000, 0x0000000730200000, 0x0000000730400000|  0%| F|  |TAMS 0x0000000730200000, 0x0000000730200000| Untracked 
| 386|0x0000000730400000, 0x0000000730400000, 0x0000000730600000|  0%| F|  |TAMS 0x0000000730400000, 0x0000000730400000| Untracked 
| 387|0x0000000730600000, 0x0000000730600000, 0x0000000730800000|  0%| F|  |TAMS 0x0000000730600000, 0x0000000730600000| Untracked 
| 388|0x0000000730800000, 0x0000000730800000, 0x0000000730a00000|  0%| F|  |TAMS 0x0000000730800000, 0x0000000730800000| Untracked 
| 389|0x0000000730a00000, 0x0000000730c00000, 0x0000000730c00000|100%| S|CS|TAMS 0x0000000730a00000, 0x0000000730a00000| Complete 
| 390|0x0000000730c00000, 0x0000000730e00000, 0x0000000730e00000|100%| S|CS|TAMS 0x0000000730c00000, 0x0000000730c00000| Complete 
| 391|0x0000000730e00000, 0x0000000731000000, 0x0000000731000000|100%| S|CS|TAMS 0x0000000730e00000, 0x0000000730e00000| Complete 
| 392|0x0000000731000000, 0x0000000731200000, 0x0000000731200000|100%| S|CS|TAMS 0x0000000731000000, 0x0000000731000000| Complete 
| 393|0x0000000731200000, 0x0000000731400000, 0x0000000731400000|100%| S|CS|TAMS 0x0000000731200000, 0x0000000731200000| Complete 
| 394|0x0000000731400000, 0x0000000731600000, 0x0000000731600000|100%| S|CS|TAMS 0x0000000731400000, 0x0000000731400000| Complete 
| 395|0x0000000731600000, 0x0000000731800000, 0x0000000731800000|100%| S|CS|TAMS 0x0000000731600000, 0x0000000731600000| Complete 
| 396|0x0000000731800000, 0x0000000731a00000, 0x0000000731a00000|100%| S|CS|TAMS 0x0000000731800000, 0x0000000731800000| Complete 
| 397|0x0000000731a00000, 0x0000000731c00000, 0x0000000731c00000|100%| S|CS|TAMS 0x0000000731a00000, 0x0000000731a00000| Complete 
| 398|0x0000000731c00000, 0x0000000731e00000, 0x0000000731e00000|100%| S|CS|TAMS 0x0000000731c00000, 0x0000000731c00000| Complete 
| 399|0x0000000731e00000, 0x0000000732000000, 0x0000000732000000|100%| S|CS|TAMS 0x0000000731e00000, 0x0000000731e00000| Complete 
| 400|0x0000000732000000, 0x0000000732200000, 0x0000000732200000|100%| S|CS|TAMS 0x0000000732000000, 0x0000000732000000| Complete 
| 401|0x0000000732200000, 0x0000000732400000, 0x0000000732400000|100%| S|CS|TAMS 0x0000000732200000, 0x0000000732200000| Complete 
| 402|0x0000000732400000, 0x0000000732600000, 0x0000000732600000|100%| S|CS|TAMS 0x0000000732400000, 0x0000000732400000| Complete 
| 403|0x0000000732600000, 0x0000000732800000, 0x0000000732800000|100%| S|CS|TAMS 0x0000000732600000, 0x0000000732600000| Complete 
| 404|0x0000000732800000, 0x0000000732a00000, 0x0000000732a00000|100%| S|CS|TAMS 0x0000000732800000, 0x0000000732800000| Complete 
| 405|0x0000000732a00000, 0x0000000732c00000, 0x0000000732c00000|100%| S|CS|TAMS 0x0000000732a00000, 0x0000000732a00000| Complete 
| 406|0x0000000732c00000, 0x0000000732e00000, 0x0000000732e00000|100%| S|CS|TAMS 0x0000000732c00000, 0x0000000732c00000| Complete 
| 407|0x0000000732e00000, 0x0000000733000000, 0x0000000733000000|100%| S|CS|TAMS 0x0000000732e00000, 0x0000000732e00000| Complete 
| 408|0x0000000733000000, 0x0000000733200000, 0x0000000733200000|100%| S|CS|TAMS 0x0000000733000000, 0x0000000733000000| Complete 
| 409|0x0000000733200000, 0x0000000733400000, 0x0000000733400000|100%| S|CS|TAMS 0x0000000733200000, 0x0000000733200000| Complete 
| 410|0x0000000733400000, 0x0000000733400000, 0x0000000733600000|  0%| F|  |TAMS 0x0000000733400000, 0x0000000733400000| Untracked 
| 411|0x0000000733600000, 0x0000000733600000, 0x0000000733800000|  0%| F|  |TAMS 0x0000000733600000, 0x0000000733600000| Untracked 
| 412|0x0000000733800000, 0x0000000733800000, 0x0000000733a00000|  0%| F|  |TAMS 0x0000000733800000, 0x0000000733800000| Untracked 
| 413|0x0000000733a00000, 0x0000000733a00000, 0x0000000733c00000|  0%| F|  |TAMS 0x0000000733a00000, 0x0000000733a00000| Untracked 
| 414|0x0000000733c00000, 0x0000000733c00000, 0x0000000733e00000|  0%| F|  |TAMS 0x0000000733c00000, 0x0000000733c00000| Untracked 
| 415|0x0000000733e00000, 0x0000000733e00000, 0x0000000734000000|  0%| F|  |TAMS 0x0000000733e00000, 0x0000000733e00000| Untracked 
| 416|0x0000000734000000, 0x0000000734000000, 0x0000000734200000|  0%| F|  |TAMS 0x0000000734000000, 0x0000000734000000| Untracked 
| 417|0x0000000734200000, 0x0000000734200000, 0x0000000734400000|  0%| F|  |TAMS 0x0000000734200000, 0x0000000734200000| Untracked 
| 418|0x0000000734400000, 0x0000000734400000, 0x0000000734600000|  0%| F|  |TAMS 0x0000000734400000, 0x0000000734400000| Untracked 
| 419|0x0000000734600000, 0x0000000734600000, 0x0000000734800000|  0%| F|  |TAMS 0x0000000734600000, 0x0000000734600000| Untracked 
| 420|0x0000000734800000, 0x0000000734800000, 0x0000000734a00000|  0%| F|  |TAMS 0x0000000734800000, 0x0000000734800000| Untracked 
| 421|0x0000000734a00000, 0x0000000734c00000, 0x0000000734c00000|100%| S|CS|TAMS 0x0000000734a00000, 0x0000000734a00000| Complete 
| 422|0x0000000734c00000, 0x0000000734e00000, 0x0000000734e00000|100%| S|CS|TAMS 0x0000000734c00000, 0x0000000734c00000| Complete 
| 423|0x0000000734e00000, 0x0000000735000000, 0x0000000735000000|100%| S|CS|TAMS 0x0000000734e00000, 0x0000000734e00000| Complete 
| 424|0x0000000735000000, 0x0000000735200000, 0x0000000735200000|100%| S|CS|TAMS 0x0000000735000000, 0x0000000735000000| Complete 
| 425|0x0000000735200000, 0x0000000735400000, 0x0000000735400000|100%| S|CS|TAMS 0x0000000735200000, 0x0000000735200000| Complete 
| 426|0x0000000735400000, 0x0000000735600000, 0x0000000735600000|100%| S|CS|TAMS 0x0000000735400000, 0x0000000735400000| Complete 
| 427|0x0000000735600000, 0x0000000735800000, 0x0000000735800000|100%| S|CS|TAMS 0x0000000735600000, 0x0000000735600000| Complete 
| 428|0x0000000735800000, 0x0000000735a00000, 0x0000000735a00000|100%| S|CS|TAMS 0x0000000735800000, 0x0000000735800000| Complete 
| 429|0x0000000735a00000, 0x0000000735c00000, 0x0000000735c00000|100%| S|CS|TAMS 0x0000000735a00000, 0x0000000735a00000| Complete 
| 430|0x0000000735c00000, 0x0000000735e00000, 0x0000000735e00000|100%| S|CS|TAMS 0x0000000735c00000, 0x0000000735c00000| Complete 
| 431|0x0000000735e00000, 0x0000000736000000, 0x0000000736000000|100%| S|CS|TAMS 0x0000000735e00000, 0x0000000735e00000| Complete 
| 432|0x0000000736000000, 0x0000000736200000, 0x0000000736200000|100%| S|CS|TAMS 0x0000000736000000, 0x0000000736000000| Complete 
| 433|0x0000000736200000, 0x0000000736400000, 0x0000000736400000|100%| S|CS|TAMS 0x0000000736200000, 0x0000000736200000| Complete 
| 434|0x0000000736400000, 0x0000000736600000, 0x0000000736600000|100%| S|CS|TAMS 0x0000000736400000, 0x0000000736400000| Complete 
| 435|0x0000000736600000, 0x0000000736800000, 0x0000000736800000|100%| S|CS|TAMS 0x0000000736600000, 0x0000000736600000| Complete 
| 436|0x0000000736800000, 0x0000000736a00000, 0x0000000736a00000|100%| S|CS|TAMS 0x0000000736800000, 0x0000000736800000| Complete 
| 437|0x0000000736a00000, 0x0000000736a00000, 0x0000000736c00000|  0%| F|  |TAMS 0x0000000736a00000, 0x0000000736a00000| Untracked 
| 438|0x0000000736c00000, 0x0000000736c00000, 0x0000000736e00000|  0%| F|  |TAMS 0x0000000736c00000, 0x0000000736c00000| Untracked 
| 439|0x0000000736e00000, 0x0000000736e00000, 0x0000000737000000|  0%| F|  |TAMS 0x0000000736e00000, 0x0000000736e00000| Untracked 
| 440|0x0000000737000000, 0x0000000737000000, 0x0000000737200000|  0%| F|  |TAMS 0x0000000737000000, 0x0000000737000000| Untracked 
| 441|0x0000000737200000, 0x0000000737200000, 0x0000000737400000|  0%| F|  |TAMS 0x0000000737200000, 0x0000000737200000| Untracked 
| 442|0x0000000737400000, 0x0000000737400000, 0x0000000737600000|  0%| F|  |TAMS 0x0000000737400000, 0x0000000737400000| Untracked 
| 443|0x0000000737600000, 0x0000000737600000, 0x0000000737800000|  0%| F|  |TAMS 0x0000000737600000, 0x0000000737600000| Untracked 
| 444|0x0000000737800000, 0x0000000737800000, 0x0000000737a00000|  0%| F|  |TAMS 0x0000000737800000, 0x0000000737800000| Untracked 
| 445|0x0000000737a00000, 0x0000000737a00000, 0x0000000737c00000|  0%| F|  |TAMS 0x0000000737a00000, 0x0000000737a00000| Untracked 
| 446|0x0000000737c00000, 0x0000000737c00000, 0x0000000737e00000|  0%| F|  |TAMS 0x0000000737c00000, 0x0000000737c00000| Untracked 
| 447|0x0000000737e00000, 0x0000000737e00000, 0x0000000738000000|  0%| F|  |TAMS 0x0000000737e00000, 0x0000000737e00000| Untracked 
| 448|0x0000000738000000, 0x0000000738000000, 0x0000000738200000|  0%| F|  |TAMS 0x0000000738000000, 0x0000000738000000| Untracked 
| 449|0x0000000738200000, 0x0000000738200000, 0x0000000738400000|  0%| F|  |TAMS 0x0000000738200000, 0x0000000738200000| Untracked 
| 450|0x0000000738400000, 0x0000000738400000, 0x0000000738600000|  0%| F|  |TAMS 0x0000000738400000, 0x0000000738400000| Untracked 
| 451|0x0000000738600000, 0x0000000738600000, 0x0000000738800000|  0%| F|  |TAMS 0x0000000738600000, 0x0000000738600000| Untracked 
| 452|0x0000000738800000, 0x0000000738800000, 0x0000000738a00000|  0%| F|  |TAMS 0x0000000738800000, 0x0000000738800000| Untracked 
| 453|0x0000000738a00000, 0x0000000738a00000, 0x0000000738c00000|  0%| F|  |TAMS 0x0000000738a00000, 0x0000000738a00000| Untracked 
| 454|0x0000000738c00000, 0x0000000738c00000, 0x0000000738e00000|  0%| F|  |TAMS 0x0000000738c00000, 0x0000000738c00000| Untracked 
| 455|0x0000000738e00000, 0x0000000738e00000, 0x0000000739000000|  0%| F|  |TAMS 0x0000000738e00000, 0x0000000738e00000| Untracked 
| 456|0x0000000739000000, 0x0000000739000000, 0x0000000739200000|  0%| F|  |TAMS 0x0000000739000000, 0x0000000739000000| Untracked 
| 457|0x0000000739200000, 0x0000000739200000, 0x0000000739400000|  0%| F|  |TAMS 0x0000000739200000, 0x0000000739200000| Untracked 
| 458|0x0000000739400000, 0x0000000739400000, 0x0000000739600000|  0%| F|  |TAMS 0x0000000739400000, 0x0000000739400000| Untracked 
| 459|0x0000000739600000, 0x0000000739600000, 0x0000000739800000|  0%| F|  |TAMS 0x0000000739600000, 0x0000000739600000| Untracked 
| 460|0x0000000739800000, 0x0000000739800000, 0x0000000739a00000|  0%| F|  |TAMS 0x0000000739800000, 0x0000000739800000| Untracked 
| 461|0x0000000739a00000, 0x0000000739a00000, 0x0000000739c00000|  0%| F|  |TAMS 0x0000000739a00000, 0x0000000739a00000| Untracked 
| 462|0x0000000739c00000, 0x0000000739c00000, 0x0000000739e00000|  0%| F|  |TAMS 0x0000000739c00000, 0x0000000739c00000| Untracked 
| 463|0x0000000739e00000, 0x0000000739e00000, 0x000000073a000000|  0%| F|  |TAMS 0x0000000739e00000, 0x0000000739e00000| Untracked 
| 464|0x000000073a000000, 0x000000073a000000, 0x000000073a200000|  0%| F|  |TAMS 0x000000073a000000, 0x000000073a000000| Untracked 
| 465|0x000000073a200000, 0x000000073a200000, 0x000000073a400000|  0%| F|  |TAMS 0x000000073a200000, 0x000000073a200000| Untracked 
| 466|0x000000073a400000, 0x000000073a400000, 0x000000073a600000|  0%| F|  |TAMS 0x000000073a400000, 0x000000073a400000| Untracked 
| 467|0x000000073a600000, 0x000000073a600000, 0x000000073a800000|  0%| F|  |TAMS 0x000000073a600000, 0x000000073a600000| Untracked 
| 468|0x000000073a800000, 0x000000073a800000, 0x000000073aa00000|  0%| F|  |TAMS 0x000000073a800000, 0x000000073a800000| Untracked 
| 469|0x000000073aa00000, 0x000000073aa00000, 0x000000073ac00000|  0%| F|  |TAMS 0x000000073aa00000, 0x000000073aa00000| Untracked 
| 470|0x000000073ac00000, 0x000000073ac00000, 0x000000073ae00000|  0%| F|  |TAMS 0x000000073ac00000, 0x000000073ac00000| Untracked 
| 471|0x000000073ae00000, 0x000000073ae00000, 0x000000073b000000|  0%| F|  |TAMS 0x000000073ae00000, 0x000000073ae00000| Untracked 
| 472|0x000000073b000000, 0x000000073b000000, 0x000000073b200000|  0%| F|  |TAMS 0x000000073b000000, 0x000000073b000000| Untracked 
| 473|0x000000073b200000, 0x000000073b200000, 0x000000073b400000|  0%| F|  |TAMS 0x000000073b200000, 0x000000073b200000| Untracked 
| 474|0x000000073b400000, 0x000000073b400000, 0x000000073b600000|  0%| F|  |TAMS 0x000000073b400000, 0x000000073b400000| Untracked 
| 475|0x000000073b600000, 0x000000073b600000, 0x000000073b800000|  0%| F|  |TAMS 0x000000073b600000, 0x000000073b600000| Untracked 
| 476|0x000000073b800000, 0x000000073b800000, 0x000000073ba00000|  0%| F|  |TAMS 0x000000073b800000, 0x000000073b800000| Untracked 
| 477|0x000000073ba00000, 0x000000073ba00000, 0x000000073bc00000|  0%| F|  |TAMS 0x000000073ba00000, 0x000000073ba00000| Untracked 
| 478|0x000000073bc00000, 0x000000073bc00000, 0x000000073be00000|  0%| F|  |TAMS 0x000000073bc00000, 0x000000073bc00000| Untracked 
| 479|0x000000073be00000, 0x000000073be00000, 0x000000073c000000|  0%| F|  |TAMS 0x000000073be00000, 0x000000073be00000| Untracked 
| 480|0x000000073c000000, 0x000000073c000000, 0x000000073c200000|  0%| F|  |TAMS 0x000000073c000000, 0x000000073c000000| Untracked 
| 481|0x000000073c200000, 0x000000073c200000, 0x000000073c400000|  0%| F|  |TAMS 0x000000073c200000, 0x000000073c200000| Untracked 
| 482|0x000000073c400000, 0x000000073c400000, 0x000000073c600000|  0%| F|  |TAMS 0x000000073c400000, 0x000000073c400000| Untracked 
| 483|0x000000073c600000, 0x000000073c600000, 0x000000073c800000|  0%| F|  |TAMS 0x000000073c600000, 0x000000073c600000| Untracked 
| 484|0x000000073c800000, 0x000000073c800000, 0x000000073ca00000|  0%| F|  |TAMS 0x000000073c800000, 0x000000073c800000| Untracked 
| 485|0x000000073ca00000, 0x000000073ca00000, 0x000000073cc00000|  0%| F|  |TAMS 0x000000073ca00000, 0x000000073ca00000| Untracked 
| 486|0x000000073cc00000, 0x000000073cc00000, 0x000000073ce00000|  0%| F|  |TAMS 0x000000073cc00000, 0x000000073cc00000| Untracked 
| 487|0x000000073ce00000, 0x000000073ce00000, 0x000000073d000000|  0%| F|  |TAMS 0x000000073ce00000, 0x000000073ce00000| Untracked 
| 488|0x000000073d000000, 0x000000073d000000, 0x000000073d200000|  0%| F|  |TAMS 0x000000073d000000, 0x000000073d000000| Untracked 
| 489|0x000000073d200000, 0x000000073d200000, 0x000000073d400000|  0%| F|  |TAMS 0x000000073d200000, 0x000000073d200000| Untracked 
| 490|0x000000073d400000, 0x000000073d400000, 0x000000073d600000|  0%| F|  |TAMS 0x000000073d400000, 0x000000073d400000| Untracked 
| 491|0x000000073d600000, 0x000000073d600000, 0x000000073d800000|  0%| F|  |TAMS 0x000000073d600000, 0x000000073d600000| Untracked 
| 492|0x000000073d800000, 0x000000073d800000, 0x000000073da00000|  0%| F|  |TAMS 0x000000073d800000, 0x000000073d800000| Untracked 
| 493|0x000000073da00000, 0x000000073da00000, 0x000000073dc00000|  0%| F|  |TAMS 0x000000073da00000, 0x000000073da00000| Untracked 
| 494|0x000000073dc00000, 0x000000073dc00000, 0x000000073de00000|  0%| F|  |TAMS 0x000000073dc00000, 0x000000073dc00000| Untracked 
| 495|0x000000073de00000, 0x000000073de00000, 0x000000073e000000|  0%| F|  |TAMS 0x000000073de00000, 0x000000073de00000| Untracked 
| 496|0x000000073e000000, 0x000000073e000000, 0x000000073e200000|  0%| F|  |TAMS 0x000000073e000000, 0x000000073e000000| Untracked 
| 497|0x000000073e200000, 0x000000073e200000, 0x000000073e400000|  0%| F|  |TAMS 0x000000073e200000, 0x000000073e200000| Untracked 
| 498|0x000000073e400000, 0x000000073e400000, 0x000000073e600000|  0%| F|  |TAMS 0x000000073e400000, 0x000000073e400000| Untracked 
| 499|0x000000073e600000, 0x000000073e600000, 0x000000073e800000|  0%| F|  |TAMS 0x000000073e600000, 0x000000073e600000| Untracked 
| 500|0x000000073e800000, 0x000000073e800000, 0x000000073ea00000|  0%| F|  |TAMS 0x000000073e800000, 0x000000073e800000| Untracked 
| 501|0x000000073ea00000, 0x000000073ea00000, 0x000000073ec00000|  0%| F|  |TAMS 0x000000073ea00000, 0x000000073ea00000| Untracked 
| 502|0x000000073ec00000, 0x000000073ec00000, 0x000000073ee00000|  0%| F|  |TAMS 0x000000073ec00000, 0x000000073ec00000| Untracked 
| 503|0x000000073ee00000, 0x000000073ee00000, 0x000000073f000000|  0%| F|  |TAMS 0x000000073ee00000, 0x000000073ee00000| Untracked 
| 504|0x000000073f000000, 0x000000073f000000, 0x000000073f200000|  0%| F|  |TAMS 0x000000073f000000, 0x000000073f000000| Untracked 
| 505|0x000000073f200000, 0x000000073f200000, 0x000000073f400000|  0%| F|  |TAMS 0x000000073f200000, 0x000000073f200000| Untracked 
| 506|0x000000073f400000, 0x000000073f400000, 0x000000073f600000|  0%| F|  |TAMS 0x000000073f400000, 0x000000073f400000| Untracked 
| 507|0x000000073f600000, 0x000000073f600000, 0x000000073f800000|  0%| F|  |TAMS 0x000000073f600000, 0x000000073f600000| Untracked 
| 508|0x000000073f800000, 0x000000073f800000, 0x000000073fa00000|  0%| F|  |TAMS 0x000000073f800000, 0x000000073f800000| Untracked 
| 509|0x000000073fa00000, 0x000000073fa00000, 0x000000073fc00000|  0%| F|  |TAMS 0x000000073fa00000, 0x000000073fa00000| Untracked 
| 510|0x000000073fc00000, 0x000000073fc00000, 0x000000073fe00000|  0%| F|  |TAMS 0x000000073fc00000, 0x000000073fc00000| Untracked 
| 511|0x000000073fe00000, 0x000000073fe00000, 0x0000000740000000|  0%| F|  |TAMS 0x000000073fe00000, 0x000000073fe00000| Untracked 
| 512|0x0000000740000000, 0x0000000740000000, 0x0000000740200000|  0%| F|  |TAMS 0x0000000740000000, 0x0000000740000000| Untracked 
| 513|0x0000000740200000, 0x0000000740200000, 0x0000000740400000|  0%| F|  |TAMS 0x0000000740200000, 0x0000000740200000| Untracked 
| 514|0x0000000740400000, 0x0000000740400000, 0x0000000740600000|  0%| F|  |TAMS 0x0000000740400000, 0x0000000740400000| Untracked 
| 515|0x0000000740600000, 0x0000000740600000, 0x0000000740800000|  0%| F|  |TAMS 0x0000000740600000, 0x0000000740600000| Untracked 
| 516|0x0000000740800000, 0x0000000740800000, 0x0000000740a00000|  0%| F|  |TAMS 0x0000000740800000, 0x0000000740800000| Untracked 
| 517|0x0000000740a00000, 0x0000000740a00000, 0x0000000740c00000|  0%| F|  |TAMS 0x0000000740a00000, 0x0000000740a00000| Untracked 
| 518|0x0000000740c00000, 0x0000000740c00000, 0x0000000740e00000|  0%| F|  |TAMS 0x0000000740c00000, 0x0000000740c00000| Untracked 
| 519|0x0000000740e00000, 0x0000000740e00000, 0x0000000741000000|  0%| F|  |TAMS 0x0000000740e00000, 0x0000000740e00000| Untracked 
| 520|0x0000000741000000, 0x0000000741000000, 0x0000000741200000|  0%| F|  |TAMS 0x0000000741000000, 0x0000000741000000| Untracked 
| 521|0x0000000741200000, 0x0000000741200000, 0x0000000741400000|  0%| F|  |TAMS 0x0000000741200000, 0x0000000741200000| Untracked 
| 522|0x0000000741400000, 0x0000000741400000, 0x0000000741600000|  0%| F|  |TAMS 0x0000000741400000, 0x0000000741400000| Untracked 
| 523|0x0000000741600000, 0x0000000741600000, 0x0000000741800000|  0%| F|  |TAMS 0x0000000741600000, 0x0000000741600000| Untracked 
| 524|0x0000000741800000, 0x0000000741800000, 0x0000000741a00000|  0%| F|  |TAMS 0x0000000741800000, 0x0000000741800000| Untracked 
| 525|0x0000000741a00000, 0x0000000741a00000, 0x0000000741c00000|  0%| F|  |TAMS 0x0000000741a00000, 0x0000000741a00000| Untracked 
| 526|0x0000000741c00000, 0x0000000741c00000, 0x0000000741e00000|  0%| F|  |TAMS 0x0000000741c00000, 0x0000000741c00000| Untracked 
| 527|0x0000000741e00000, 0x0000000741e00000, 0x0000000742000000|  0%| F|  |TAMS 0x0000000741e00000, 0x0000000741e00000| Untracked 
| 528|0x0000000742000000, 0x0000000742000000, 0x0000000742200000|  0%| F|  |TAMS 0x0000000742000000, 0x0000000742000000| Untracked 
| 529|0x0000000742200000, 0x0000000742200000, 0x0000000742400000|  0%| F|  |TAMS 0x0000000742200000, 0x0000000742200000| Untracked 
| 530|0x0000000742400000, 0x0000000742400000, 0x0000000742600000|  0%| F|  |TAMS 0x0000000742400000, 0x0000000742400000| Untracked 
| 531|0x0000000742600000, 0x0000000742600000, 0x0000000742800000|  0%| F|  |TAMS 0x0000000742600000, 0x0000000742600000| Untracked 
| 532|0x0000000742800000, 0x0000000742800000, 0x0000000742a00000|  0%| F|  |TAMS 0x0000000742800000, 0x0000000742800000| Untracked 
| 533|0x0000000742a00000, 0x0000000742a00000, 0x0000000742c00000|  0%| F|  |TAMS 0x0000000742a00000, 0x0000000742a00000| Untracked 
| 534|0x0000000742c00000, 0x0000000742c00000, 0x0000000742e00000|  0%| F|  |TAMS 0x0000000742c00000, 0x0000000742c00000| Untracked 
| 535|0x0000000742e00000, 0x0000000742e00000, 0x0000000743000000|  0%| F|  |TAMS 0x0000000742e00000, 0x0000000742e00000| Untracked 
| 536|0x0000000743000000, 0x0000000743000000, 0x0000000743200000|  0%| F|  |TAMS 0x0000000743000000, 0x0000000743000000| Untracked 
| 537|0x0000000743200000, 0x0000000743200000, 0x0000000743400000|  0%| F|  |TAMS 0x0000000743200000, 0x0000000743200000| Untracked 
| 538|0x0000000743400000, 0x0000000743400000, 0x0000000743600000|  0%| F|  |TAMS 0x0000000743400000, 0x0000000743400000| Untracked 
| 539|0x0000000743600000, 0x0000000743600000, 0x0000000743800000|  0%| F|  |TAMS 0x0000000743600000, 0x0000000743600000| Untracked 
| 540|0x0000000743800000, 0x0000000743800000, 0x0000000743a00000|  0%| F|  |TAMS 0x0000000743800000, 0x0000000743800000| Untracked 
| 541|0x0000000743a00000, 0x0000000743a00000, 0x0000000743c00000|  0%| F|  |TAMS 0x0000000743a00000, 0x0000000743a00000| Untracked 
| 542|0x0000000743c00000, 0x0000000743c00000, 0x0000000743e00000|  0%| F|  |TAMS 0x0000000743c00000, 0x0000000743c00000| Untracked 
| 543|0x0000000743e00000, 0x0000000743e00000, 0x0000000744000000|  0%| F|  |TAMS 0x0000000743e00000, 0x0000000743e00000| Untracked 
| 544|0x0000000744000000, 0x0000000744000000, 0x0000000744200000|  0%| F|  |TAMS 0x0000000744000000, 0x0000000744000000| Untracked 
| 545|0x0000000744200000, 0x0000000744200000, 0x0000000744400000|  0%| F|  |TAMS 0x0000000744200000, 0x0000000744200000| Untracked 
| 546|0x0000000744400000, 0x0000000744400000, 0x0000000744600000|  0%| F|  |TAMS 0x0000000744400000, 0x0000000744400000| Untracked 
| 547|0x0000000744600000, 0x0000000744600000, 0x0000000744800000|  0%| F|  |TAMS 0x0000000744600000, 0x0000000744600000| Untracked 
| 548|0x0000000744800000, 0x0000000744800000, 0x0000000744a00000|  0%| F|  |TAMS 0x0000000744800000, 0x0000000744800000| Untracked 
| 549|0x0000000744a00000, 0x0000000744a00000, 0x0000000744c00000|  0%| F|  |TAMS 0x0000000744a00000, 0x0000000744a00000| Untracked 
| 550|0x0000000744c00000, 0x0000000744c00000, 0x0000000744e00000|  0%| F|  |TAMS 0x0000000744c00000, 0x0000000744c00000| Untracked 
| 551|0x0000000744e00000, 0x0000000744e00000, 0x0000000745000000|  0%| F|  |TAMS 0x0000000744e00000, 0x0000000744e00000| Untracked 
| 552|0x0000000745000000, 0x0000000745000000, 0x0000000745200000|  0%| F|  |TAMS 0x0000000745000000, 0x0000000745000000| Untracked 
| 553|0x0000000745200000, 0x0000000745200000, 0x0000000745400000|  0%| F|  |TAMS 0x0000000745200000, 0x0000000745200000| Untracked 
| 554|0x0000000745400000, 0x0000000745400000, 0x0000000745600000|  0%| F|  |TAMS 0x0000000745400000, 0x0000000745400000| Untracked 
| 555|0x0000000745600000, 0x0000000745600000, 0x0000000745800000|  0%| F|  |TAMS 0x0000000745600000, 0x0000000745600000| Untracked 
| 556|0x0000000745800000, 0x0000000745800000, 0x0000000745a00000|  0%| F|  |TAMS 0x0000000745800000, 0x0000000745800000| Untracked 
| 557|0x0000000745a00000, 0x0000000745a00000, 0x0000000745c00000|  0%| F|  |TAMS 0x0000000745a00000, 0x0000000745a00000| Untracked 
| 558|0x0000000745c00000, 0x0000000745c00000, 0x0000000745e00000|  0%| F|  |TAMS 0x0000000745c00000, 0x0000000745c00000| Untracked 
| 559|0x0000000745e00000, 0x0000000745e00000, 0x0000000746000000|  0%| F|  |TAMS 0x0000000745e00000, 0x0000000745e00000| Untracked 
| 560|0x0000000746000000, 0x0000000746000000, 0x0000000746200000|  0%| F|  |TAMS 0x0000000746000000, 0x0000000746000000| Untracked 
| 561|0x0000000746200000, 0x0000000746200000, 0x0000000746400000|  0%| F|  |TAMS 0x0000000746200000, 0x0000000746200000| Untracked 
| 562|0x0000000746400000, 0x0000000746400000, 0x0000000746600000|  0%| F|  |TAMS 0x0000000746400000, 0x0000000746400000| Untracked 
| 563|0x0000000746600000, 0x0000000746600000, 0x0000000746800000|  0%| F|  |TAMS 0x0000000746600000, 0x0000000746600000| Untracked 
| 564|0x0000000746800000, 0x0000000746800000, 0x0000000746a00000|  0%| F|  |TAMS 0x0000000746800000, 0x0000000746800000| Untracked 
| 565|0x0000000746a00000, 0x0000000746a00000, 0x0000000746c00000|  0%| F|  |TAMS 0x0000000746a00000, 0x0000000746a00000| Untracked 
| 566|0x0000000746c00000, 0x0000000746c00000, 0x0000000746e00000|  0%| F|  |TAMS 0x0000000746c00000, 0x0000000746c00000| Untracked 
| 567|0x0000000746e00000, 0x0000000746e00000, 0x0000000747000000|  0%| F|  |TAMS 0x0000000746e00000, 0x0000000746e00000| Untracked 
| 568|0x0000000747000000, 0x0000000747000000, 0x0000000747200000|  0%| F|  |TAMS 0x0000000747000000, 0x0000000747000000| Untracked 
| 569|0x0000000747200000, 0x0000000747200000, 0x0000000747400000|  0%| F|  |TAMS 0x0000000747200000, 0x0000000747200000| Untracked 
| 570|0x0000000747400000, 0x0000000747400000, 0x0000000747600000|  0%| F|  |TAMS 0x0000000747400000, 0x0000000747400000| Untracked 
| 571|0x0000000747600000, 0x0000000747600000, 0x0000000747800000|  0%| F|  |TAMS 0x0000000747600000, 0x0000000747600000| Untracked 
| 572|0x0000000747800000, 0x0000000747800000, 0x0000000747a00000|  0%| F|  |TAMS 0x0000000747800000, 0x0000000747800000| Untracked 
| 573|0x0000000747a00000, 0x0000000747a00000, 0x0000000747c00000|  0%| F|  |TAMS 0x0000000747a00000, 0x0000000747a00000| Untracked 
| 574|0x0000000747c00000, 0x0000000747c00000, 0x0000000747e00000|  0%| F|  |TAMS 0x0000000747c00000, 0x0000000747c00000| Untracked 
| 575|0x0000000747e00000, 0x0000000747e00000, 0x0000000748000000|  0%| F|  |TAMS 0x0000000747e00000, 0x0000000747e00000| Untracked 
| 576|0x0000000748000000, 0x0000000748000000, 0x0000000748200000|  0%| F|  |TAMS 0x0000000748000000, 0x0000000748000000| Untracked 
| 577|0x0000000748200000, 0x0000000748200000, 0x0000000748400000|  0%| F|  |TAMS 0x0000000748200000, 0x0000000748200000| Untracked 
| 578|0x0000000748400000, 0x0000000748400000, 0x0000000748600000|  0%| F|  |TAMS 0x0000000748400000, 0x0000000748400000| Untracked 
| 579|0x0000000748600000, 0x0000000748600000, 0x0000000748800000|  0%| F|  |TAMS 0x0000000748600000, 0x0000000748600000| Untracked 
| 580|0x0000000748800000, 0x0000000748800000, 0x0000000748a00000|  0%| F|  |TAMS 0x0000000748800000, 0x0000000748800000| Untracked 
| 581|0x0000000748a00000, 0x0000000748a00000, 0x0000000748c00000|  0%| F|  |TAMS 0x0000000748a00000, 0x0000000748a00000| Untracked 
| 582|0x0000000748c00000, 0x0000000748c00000, 0x0000000748e00000|  0%| F|  |TAMS 0x0000000748c00000, 0x0000000748c00000| Untracked 
| 583|0x0000000748e00000, 0x0000000748e00000, 0x0000000749000000|  0%| F|  |TAMS 0x0000000748e00000, 0x0000000748e00000| Untracked 
| 584|0x0000000749000000, 0x0000000749000000, 0x0000000749200000|  0%| F|  |TAMS 0x0000000749000000, 0x0000000749000000| Untracked 
| 585|0x0000000749200000, 0x0000000749200000, 0x0000000749400000|  0%| F|  |TAMS 0x0000000749200000, 0x0000000749200000| Untracked 
| 586|0x0000000749400000, 0x0000000749400000, 0x0000000749600000|  0%| F|  |TAMS 0x0000000749400000, 0x0000000749400000| Untracked 
| 587|0x0000000749600000, 0x0000000749600000, 0x0000000749800000|  0%| F|  |TAMS 0x0000000749600000, 0x0000000749600000| Untracked 
| 588|0x0000000749800000, 0x0000000749800000, 0x0000000749a00000|  0%| F|  |TAMS 0x0000000749800000, 0x0000000749800000| Untracked 
| 589|0x0000000749a00000, 0x0000000749a00000, 0x0000000749c00000|  0%| F|  |TAMS 0x0000000749a00000, 0x0000000749a00000| Untracked 
| 590|0x0000000749c00000, 0x0000000749c00000, 0x0000000749e00000|  0%| F|  |TAMS 0x0000000749c00000, 0x0000000749c00000| Untracked 
| 591|0x0000000749e00000, 0x0000000749e00000, 0x000000074a000000|  0%| F|  |TAMS 0x0000000749e00000, 0x0000000749e00000| Untracked 
| 592|0x000000074a000000, 0x000000074a000000, 0x000000074a200000|  0%| F|  |TAMS 0x000000074a000000, 0x000000074a000000| Untracked 
| 593|0x000000074a200000, 0x000000074a200000, 0x000000074a400000|  0%| F|  |TAMS 0x000000074a200000, 0x000000074a200000| Untracked 
| 594|0x000000074a400000, 0x000000074a400000, 0x000000074a600000|  0%| F|  |TAMS 0x000000074a400000, 0x000000074a400000| Untracked 
| 595|0x000000074a600000, 0x000000074a600000, 0x000000074a800000|  0%| F|  |TAMS 0x000000074a600000, 0x000000074a600000| Untracked 
| 596|0x000000074a800000, 0x000000074a800000, 0x000000074aa00000|  0%| F|  |TAMS 0x000000074a800000, 0x000000074a800000| Untracked 
| 597|0x000000074aa00000, 0x000000074aa00000, 0x000000074ac00000|  0%| F|  |TAMS 0x000000074aa00000, 0x000000074aa00000| Untracked 
| 598|0x000000074ac00000, 0x000000074ac00000, 0x000000074ae00000|  0%| F|  |TAMS 0x000000074ac00000, 0x000000074ac00000| Untracked 
| 599|0x000000074ae00000, 0x000000074ae00000, 0x000000074b000000|  0%| F|  |TAMS 0x000000074ae00000, 0x000000074ae00000| Untracked 
| 600|0x000000074b000000, 0x000000074b000000, 0x000000074b200000|  0%| F|  |TAMS 0x000000074b000000, 0x000000074b000000| Untracked 
| 601|0x000000074b200000, 0x000000074b200000, 0x000000074b400000|  0%| F|  |TAMS 0x000000074b200000, 0x000000074b200000| Untracked 
| 602|0x000000074b400000, 0x000000074b400000, 0x000000074b600000|  0%| F|  |TAMS 0x000000074b400000, 0x000000074b400000| Untracked 
| 603|0x000000074b600000, 0x000000074b600000, 0x000000074b800000|  0%| F|  |TAMS 0x000000074b600000, 0x000000074b600000| Untracked 
| 604|0x000000074b800000, 0x000000074b800000, 0x000000074ba00000|  0%| F|  |TAMS 0x000000074b800000, 0x000000074b800000| Untracked 
| 605|0x000000074ba00000, 0x000000074ba00000, 0x000000074bc00000|  0%| F|  |TAMS 0x000000074ba00000, 0x000000074ba00000| Untracked 
| 606|0x000000074bc00000, 0x000000074bc00000, 0x000000074be00000|  0%| F|  |TAMS 0x000000074bc00000, 0x000000074bc00000| Untracked 
| 607|0x000000074be00000, 0x000000074be00000, 0x000000074c000000|  0%| F|  |TAMS 0x000000074be00000, 0x000000074be00000| Untracked 
| 608|0x000000074c000000, 0x000000074c000000, 0x000000074c200000|  0%| F|  |TAMS 0x000000074c000000, 0x000000074c000000| Untracked 
| 609|0x000000074c200000, 0x000000074c200000, 0x000000074c400000|  0%| F|  |TAMS 0x000000074c200000, 0x000000074c200000| Untracked 
| 610|0x000000074c400000, 0x000000074c400000, 0x000000074c600000|  0%| F|  |TAMS 0x000000074c400000, 0x000000074c400000| Untracked 
| 611|0x000000074c600000, 0x000000074c600000, 0x000000074c800000|  0%| F|  |TAMS 0x000000074c600000, 0x000000074c600000| Untracked 
| 612|0x000000074c800000, 0x000000074c800000, 0x000000074ca00000|  0%| F|  |TAMS 0x000000074c800000, 0x000000074c800000| Untracked 
| 613|0x000000074ca00000, 0x000000074ca00000, 0x000000074cc00000|  0%| F|  |TAMS 0x000000074ca00000, 0x000000074ca00000| Untracked 
| 614|0x000000074cc00000, 0x000000074cc00000, 0x000000074ce00000|  0%| F|  |TAMS 0x000000074cc00000, 0x000000074cc00000| Untracked 
| 615|0x000000074ce00000, 0x000000074ce00000, 0x000000074d000000|  0%| F|  |TAMS 0x000000074ce00000, 0x000000074ce00000| Untracked 
| 616|0x000000074d000000, 0x000000074d000000, 0x000000074d200000|  0%| F|  |TAMS 0x000000074d000000, 0x000000074d000000| Untracked 
| 617|0x000000074d200000, 0x000000074d200000, 0x000000074d400000|  0%| F|  |TAMS 0x000000074d200000, 0x000000074d200000| Untracked 
| 618|0x000000074d400000, 0x000000074d400000, 0x000000074d600000|  0%| F|  |TAMS 0x000000074d400000, 0x000000074d400000| Untracked 
| 619|0x000000074d600000, 0x000000074d600000, 0x000000074d800000|  0%| F|  |TAMS 0x000000074d600000, 0x000000074d600000| Untracked 
| 620|0x000000074d800000, 0x000000074d800000, 0x000000074da00000|  0%| F|  |TAMS 0x000000074d800000, 0x000000074d800000| Untracked 
| 621|0x000000074da00000, 0x000000074da00000, 0x000000074dc00000|  0%| F|  |TAMS 0x000000074da00000, 0x000000074da00000| Untracked 
| 622|0x000000074dc00000, 0x000000074dc00000, 0x000000074de00000|  0%| F|  |TAMS 0x000000074dc00000, 0x000000074dc00000| Untracked 
| 623|0x000000074de00000, 0x000000074de00000, 0x000000074e000000|  0%| F|  |TAMS 0x000000074de00000, 0x000000074de00000| Untracked 
| 624|0x000000074e000000, 0x000000074e000000, 0x000000074e200000|  0%| F|  |TAMS 0x000000074e000000, 0x000000074e000000| Untracked 
| 625|0x000000074e200000, 0x000000074e200000, 0x000000074e400000|  0%| F|  |TAMS 0x000000074e200000, 0x000000074e200000| Untracked 
| 626|0x000000074e400000, 0x000000074e400000, 0x000000074e600000|  0%| F|  |TAMS 0x000000074e400000, 0x000000074e400000| Untracked 
| 627|0x000000074e600000, 0x000000074e600000, 0x000000074e800000|  0%| F|  |TAMS 0x000000074e600000, 0x000000074e600000| Untracked 
| 628|0x000000074e800000, 0x000000074e800000, 0x000000074ea00000|  0%| F|  |TAMS 0x000000074e800000, 0x000000074e800000| Untracked 
| 629|0x000000074ea00000, 0x000000074ea00000, 0x000000074ec00000|  0%| F|  |TAMS 0x000000074ea00000, 0x000000074ea00000| Untracked 
| 630|0x000000074ec00000, 0x000000074ec00000, 0x000000074ee00000|  0%| F|  |TAMS 0x000000074ec00000, 0x000000074ec00000| Untracked 
| 631|0x000000074ee00000, 0x000000074ee00000, 0x000000074f000000|  0%| F|  |TAMS 0x000000074ee00000, 0x000000074ee00000| Untracked 
| 632|0x000000074f000000, 0x000000074f000000, 0x000000074f200000|  0%| F|  |TAMS 0x000000074f000000, 0x000000074f000000| Untracked 
| 633|0x000000074f200000, 0x000000074f200000, 0x000000074f400000|  0%| F|  |TAMS 0x000000074f200000, 0x000000074f200000| Untracked 
| 634|0x000000074f400000, 0x000000074f400000, 0x000000074f600000|  0%| F|  |TAMS 0x000000074f400000, 0x000000074f400000| Untracked 
| 635|0x000000074f600000, 0x000000074f600000, 0x000000074f800000|  0%| F|  |TAMS 0x000000074f600000, 0x000000074f600000| Untracked 
| 636|0x000000074f800000, 0x000000074f800000, 0x000000074fa00000|  0%| F|  |TAMS 0x000000074f800000, 0x000000074f800000| Untracked 
| 637|0x000000074fa00000, 0x000000074fa00000, 0x000000074fc00000|  0%| F|  |TAMS 0x000000074fa00000, 0x000000074fa00000| Untracked 
| 638|0x000000074fc00000, 0x000000074fc00000, 0x000000074fe00000|  0%| F|  |TAMS 0x000000074fc00000, 0x000000074fc00000| Untracked 
| 639|0x000000074fe00000, 0x000000074fe00000, 0x0000000750000000|  0%| F|  |TAMS 0x000000074fe00000, 0x000000074fe00000| Untracked 
| 640|0x0000000750000000, 0x0000000750000000, 0x0000000750200000|  0%| F|  |TAMS 0x0000000750000000, 0x0000000750000000| Untracked 
| 641|0x0000000750200000, 0x0000000750200000, 0x0000000750400000|  0%| F|  |TAMS 0x0000000750200000, 0x0000000750200000| Untracked 
| 642|0x0000000750400000, 0x0000000750400000, 0x0000000750600000|  0%| F|  |TAMS 0x0000000750400000, 0x0000000750400000| Untracked 
| 643|0x0000000750600000, 0x0000000750600000, 0x0000000750800000|  0%| F|  |TAMS 0x0000000750600000, 0x0000000750600000| Untracked 
| 644|0x0000000750800000, 0x0000000750800000, 0x0000000750a00000|  0%| F|  |TAMS 0x0000000750800000, 0x0000000750800000| Untracked 
| 645|0x0000000750a00000, 0x0000000750a00000, 0x0000000750c00000|  0%| F|  |TAMS 0x0000000750a00000, 0x0000000750a00000| Untracked 
| 646|0x0000000750c00000, 0x0000000750c00000, 0x0000000750e00000|  0%| F|  |TAMS 0x0000000750c00000, 0x0000000750c00000| Untracked 
| 647|0x0000000750e00000, 0x0000000750e00000, 0x0000000751000000|  0%| F|  |TAMS 0x0000000750e00000, 0x0000000750e00000| Untracked 
| 648|0x0000000751000000, 0x0000000751000000, 0x0000000751200000|  0%| F|  |TAMS 0x0000000751000000, 0x0000000751000000| Untracked 
| 649|0x0000000751200000, 0x0000000751200000, 0x0000000751400000|  0%| F|  |TAMS 0x0000000751200000, 0x0000000751200000| Untracked 
| 650|0x0000000751400000, 0x0000000751400000, 0x0000000751600000|  0%| F|  |TAMS 0x0000000751400000, 0x0000000751400000| Untracked 
| 651|0x0000000751600000, 0x0000000751600000, 0x0000000751800000|  0%| F|  |TAMS 0x0000000751600000, 0x0000000751600000| Untracked 
| 652|0x0000000751800000, 0x0000000751800000, 0x0000000751a00000|  0%| F|  |TAMS 0x0000000751800000, 0x0000000751800000| Untracked 
| 653|0x0000000751a00000, 0x0000000751a00000, 0x0000000751c00000|  0%| F|  |TAMS 0x0000000751a00000, 0x0000000751a00000| Untracked 
| 654|0x0000000751c00000, 0x0000000751c00000, 0x0000000751e00000|  0%| F|  |TAMS 0x0000000751c00000, 0x0000000751c00000| Untracked 
| 655|0x0000000751e00000, 0x0000000751e00000, 0x0000000752000000|  0%| F|  |TAMS 0x0000000751e00000, 0x0000000751e00000| Untracked 
| 656|0x0000000752000000, 0x0000000752000000, 0x0000000752200000|  0%| F|  |TAMS 0x0000000752000000, 0x0000000752000000| Untracked 
| 657|0x0000000752200000, 0x0000000752200000, 0x0000000752400000|  0%| F|  |TAMS 0x0000000752200000, 0x0000000752200000| Untracked 
| 658|0x0000000752400000, 0x0000000752400000, 0x0000000752600000|  0%| F|  |TAMS 0x0000000752400000, 0x0000000752400000| Untracked 
| 659|0x0000000752600000, 0x0000000752600000, 0x0000000752800000|  0%| F|  |TAMS 0x0000000752600000, 0x0000000752600000| Untracked 
| 660|0x0000000752800000, 0x0000000752800000, 0x0000000752a00000|  0%| F|  |TAMS 0x0000000752800000, 0x0000000752800000| Untracked 
| 661|0x0000000752a00000, 0x0000000752a00000, 0x0000000752c00000|  0%| F|  |TAMS 0x0000000752a00000, 0x0000000752a00000| Untracked 
| 662|0x0000000752c00000, 0x0000000752c00000, 0x0000000752e00000|  0%| F|  |TAMS 0x0000000752c00000, 0x0000000752c00000| Untracked 
| 663|0x0000000752e00000, 0x0000000752e00000, 0x0000000753000000|  0%| F|  |TAMS 0x0000000752e00000, 0x0000000752e00000| Untracked 
| 664|0x0000000753000000, 0x0000000753000000, 0x0000000753200000|  0%| F|  |TAMS 0x0000000753000000, 0x0000000753000000| Untracked 
| 665|0x0000000753200000, 0x0000000753200000, 0x0000000753400000|  0%| F|  |TAMS 0x0000000753200000, 0x0000000753200000| Untracked 
| 666|0x0000000753400000, 0x0000000753400000, 0x0000000753600000|  0%| F|  |TAMS 0x0000000753400000, 0x0000000753400000| Untracked 
| 667|0x0000000753600000, 0x0000000753600000, 0x0000000753800000|  0%| F|  |TAMS 0x0000000753600000, 0x0000000753600000| Untracked 
| 668|0x0000000753800000, 0x0000000753800000, 0x0000000753a00000|  0%| F|  |TAMS 0x0000000753800000, 0x0000000753800000| Untracked 
| 669|0x0000000753a00000, 0x0000000753a00000, 0x0000000753c00000|  0%| F|  |TAMS 0x0000000753a00000, 0x0000000753a00000| Untracked 
| 670|0x0000000753c00000, 0x0000000753c00000, 0x0000000753e00000|  0%| F|  |TAMS 0x0000000753c00000, 0x0000000753c00000| Untracked 
| 671|0x0000000753e00000, 0x0000000753e00000, 0x0000000754000000|  0%| F|  |TAMS 0x0000000753e00000, 0x0000000753e00000| Untracked 
| 672|0x0000000754000000, 0x0000000754000000, 0x0000000754200000|  0%| F|  |TAMS 0x0000000754000000, 0x0000000754000000| Untracked 
| 673|0x0000000754200000, 0x0000000754200000, 0x0000000754400000|  0%| F|  |TAMS 0x0000000754200000, 0x0000000754200000| Untracked 
| 674|0x0000000754400000, 0x0000000754400000, 0x0000000754600000|  0%| F|  |TAMS 0x0000000754400000, 0x0000000754400000| Untracked 
| 675|0x0000000754600000, 0x0000000754600000, 0x0000000754800000|  0%| F|  |TAMS 0x0000000754600000, 0x0000000754600000| Untracked 
| 676|0x0000000754800000, 0x0000000754800000, 0x0000000754a00000|  0%| F|  |TAMS 0x0000000754800000, 0x0000000754800000| Untracked 
| 677|0x0000000754a00000, 0x0000000754a00000, 0x0000000754c00000|  0%| F|  |TAMS 0x0000000754a00000, 0x0000000754a00000| Untracked 
| 678|0x0000000754c00000, 0x0000000754d00000, 0x0000000754e00000| 50%| E|  |TAMS 0x0000000754c00000, 0x0000000754c00000| Complete 
| 679|0x0000000754e00000, 0x0000000755000000, 0x0000000755000000|100%| E|CS|TAMS 0x0000000754e00000, 0x0000000754e00000| Complete 
| 680|0x0000000755000000, 0x0000000755200000, 0x0000000755200000|100%| E|CS|TAMS 0x0000000755000000, 0x0000000755000000| Complete 
| 681|0x0000000755200000, 0x0000000755400000, 0x0000000755400000|100%| E|CS|TAMS 0x0000000755200000, 0x0000000755200000| Complete 
| 682|0x0000000755400000, 0x0000000755600000, 0x0000000755600000|100%| E|CS|TAMS 0x0000000755400000, 0x0000000755400000| Complete 
| 683|0x0000000755600000, 0x0000000755800000, 0x0000000755800000|100%| E|CS|TAMS 0x0000000755600000, 0x0000000755600000| Complete 
| 684|0x0000000755800000, 0x0000000755a00000, 0x0000000755a00000|100%| E|CS|TAMS 0x0000000755800000, 0x0000000755800000| Complete 
| 685|0x0000000755a00000, 0x0000000755c00000, 0x0000000755c00000|100%| E|CS|TAMS 0x0000000755a00000, 0x0000000755a00000| Complete 
| 686|0x0000000755c00000, 0x0000000755e00000, 0x0000000755e00000|100%| E|CS|TAMS 0x0000000755c00000, 0x0000000755c00000| Complete 
| 687|0x0000000755e00000, 0x0000000756000000, 0x0000000756000000|100%| E|CS|TAMS 0x0000000755e00000, 0x0000000755e00000| Complete 
| 688|0x0000000756000000, 0x0000000756200000, 0x0000000756200000|100%| E|CS|TAMS 0x0000000756000000, 0x0000000756000000| Complete 
| 689|0x0000000756200000, 0x0000000756400000, 0x0000000756400000|100%| E|CS|TAMS 0x0000000756200000, 0x0000000756200000| Complete 
| 690|0x0000000756400000, 0x0000000756600000, 0x0000000756600000|100%| E|CS|TAMS 0x0000000756400000, 0x0000000756400000| Complete 
| 691|0x0000000756600000, 0x0000000756800000, 0x0000000756800000|100%| E|CS|TAMS 0x0000000756600000, 0x0000000756600000| Complete 
| 692|0x0000000756800000, 0x0000000756a00000, 0x0000000756a00000|100%| E|CS|TAMS 0x0000000756800000, 0x0000000756800000| Complete 
| 693|0x0000000756a00000, 0x0000000756c00000, 0x0000000756c00000|100%| E|CS|TAMS 0x0000000756a00000, 0x0000000756a00000| Complete 
| 694|0x0000000756c00000, 0x0000000756e00000, 0x0000000756e00000|100%| E|CS|TAMS 0x0000000756c00000, 0x0000000756c00000| Complete 
| 695|0x0000000756e00000, 0x0000000757000000, 0x0000000757000000|100%| E|CS|TAMS 0x0000000756e00000, 0x0000000756e00000| Complete 
| 696|0x0000000757000000, 0x0000000757200000, 0x0000000757200000|100%| E|CS|TAMS 0x0000000757000000, 0x0000000757000000| Complete 
| 697|0x0000000757200000, 0x0000000757400000, 0x0000000757400000|100%| E|CS|TAMS 0x0000000757200000, 0x0000000757200000| Complete 
| 698|0x0000000757400000, 0x0000000757600000, 0x0000000757600000|100%| E|CS|TAMS 0x0000000757400000, 0x0000000757400000| Complete 
| 699|0x0000000757600000, 0x0000000757800000, 0x0000000757800000|100%| E|CS|TAMS 0x0000000757600000, 0x0000000757600000| Complete 
| 700|0x0000000757800000, 0x0000000757a00000, 0x0000000757a00000|100%| E|CS|TAMS 0x0000000757800000, 0x0000000757800000| Complete 
| 701|0x0000000757a00000, 0x0000000757c00000, 0x0000000757c00000|100%| E|CS|TAMS 0x0000000757a00000, 0x0000000757a00000| Complete 
| 702|0x0000000757c00000, 0x0000000757e00000, 0x0000000757e00000|100%| E|CS|TAMS 0x0000000757c00000, 0x0000000757c00000| Complete 
| 703|0x0000000757e00000, 0x0000000758000000, 0x0000000758000000|100%| E|CS|TAMS 0x0000000757e00000, 0x0000000757e00000| Complete 
| 704|0x0000000758000000, 0x0000000758200000, 0x0000000758200000|100%| E|CS|TAMS 0x0000000758000000, 0x0000000758000000| Complete 
| 705|0x0000000758200000, 0x0000000758400000, 0x0000000758400000|100%| E|CS|TAMS 0x0000000758200000, 0x0000000758200000| Complete 
| 706|0x0000000758400000, 0x0000000758600000, 0x0000000758600000|100%| E|CS|TAMS 0x0000000758400000, 0x0000000758400000| Complete 
| 707|0x0000000758600000, 0x0000000758800000, 0x0000000758800000|100%| E|CS|TAMS 0x0000000758600000, 0x0000000758600000| Complete 
| 708|0x0000000758800000, 0x0000000758a00000, 0x0000000758a00000|100%| E|CS|TAMS 0x0000000758800000, 0x0000000758800000| Complete 
| 709|0x0000000758a00000, 0x0000000758c00000, 0x0000000758c00000|100%| E|CS|TAMS 0x0000000758a00000, 0x0000000758a00000| Complete 
| 710|0x0000000758c00000, 0x0000000758e00000, 0x0000000758e00000|100%| E|CS|TAMS 0x0000000758c00000, 0x0000000758c00000| Complete 
| 711|0x0000000758e00000, 0x0000000759000000, 0x0000000759000000|100%| E|CS|TAMS 0x0000000758e00000, 0x0000000758e00000| Complete 
| 712|0x0000000759000000, 0x0000000759200000, 0x0000000759200000|100%| E|CS|TAMS 0x0000000759000000, 0x0000000759000000| Complete 
| 713|0x0000000759200000, 0x0000000759400000, 0x0000000759400000|100%| E|CS|TAMS 0x0000000759200000, 0x0000000759200000| Complete 
| 714|0x0000000759400000, 0x0000000759600000, 0x0000000759600000|100%| E|CS|TAMS 0x0000000759400000, 0x0000000759400000| Complete 
| 715|0x0000000759600000, 0x0000000759800000, 0x0000000759800000|100%| E|CS|TAMS 0x0000000759600000, 0x0000000759600000| Complete 
| 716|0x0000000759800000, 0x0000000759a00000, 0x0000000759a00000|100%| E|CS|TAMS 0x0000000759800000, 0x0000000759800000| Complete 
| 717|0x0000000759a00000, 0x0000000759c00000, 0x0000000759c00000|100%| E|CS|TAMS 0x0000000759a00000, 0x0000000759a00000| Complete 
| 718|0x0000000759c00000, 0x0000000759e00000, 0x0000000759e00000|100%| E|CS|TAMS 0x0000000759c00000, 0x0000000759c00000| Complete 
| 719|0x0000000759e00000, 0x000000075a000000, 0x000000075a000000|100%| E|CS|TAMS 0x0000000759e00000, 0x0000000759e00000| Complete 
| 720|0x000000075a000000, 0x000000075a200000, 0x000000075a200000|100%| E|CS|TAMS 0x000000075a000000, 0x000000075a000000| Complete 
| 721|0x000000075a200000, 0x000000075a400000, 0x000000075a400000|100%| E|CS|TAMS 0x000000075a200000, 0x000000075a200000| Complete 
| 722|0x000000075a400000, 0x000000075a600000, 0x000000075a600000|100%| E|CS|TAMS 0x000000075a400000, 0x000000075a400000| Complete 
| 723|0x000000075a600000, 0x000000075a800000, 0x000000075a800000|100%| E|CS|TAMS 0x000000075a600000, 0x000000075a600000| Complete 
| 724|0x000000075a800000, 0x000000075aa00000, 0x000000075aa00000|100%| E|CS|TAMS 0x000000075a800000, 0x000000075a800000| Complete 
| 725|0x000000075aa00000, 0x000000075ac00000, 0x000000075ac00000|100%| E|CS|TAMS 0x000000075aa00000, 0x000000075aa00000| Complete 
| 726|0x000000075ac00000, 0x000000075ae00000, 0x000000075ae00000|100%| E|CS|TAMS 0x000000075ac00000, 0x000000075ac00000| Complete 
| 727|0x000000075ae00000, 0x000000075b000000, 0x000000075b000000|100%| E|CS|TAMS 0x000000075ae00000, 0x000000075ae00000| Complete 
| 728|0x000000075b000000, 0x000000075b200000, 0x000000075b200000|100%| E|CS|TAMS 0x000000075b000000, 0x000000075b000000| Complete 
| 729|0x000000075b200000, 0x000000075b400000, 0x000000075b400000|100%| E|CS|TAMS 0x000000075b200000, 0x000000075b200000| Complete 
| 730|0x000000075b400000, 0x000000075b600000, 0x000000075b600000|100%| E|CS|TAMS 0x000000075b400000, 0x000000075b400000| Complete 
| 731|0x000000075b600000, 0x000000075b800000, 0x000000075b800000|100%| E|CS|TAMS 0x000000075b600000, 0x000000075b600000| Complete 
| 732|0x000000075b800000, 0x000000075ba00000, 0x000000075ba00000|100%| E|CS|TAMS 0x000000075b800000, 0x000000075b800000| Complete 
| 733|0x000000075ba00000, 0x000000075bc00000, 0x000000075bc00000|100%| E|CS|TAMS 0x000000075ba00000, 0x000000075ba00000| Complete 
| 734|0x000000075bc00000, 0x000000075be00000, 0x000000075be00000|100%| E|CS|TAMS 0x000000075bc00000, 0x000000075bc00000| Complete 
| 735|0x000000075be00000, 0x000000075c000000, 0x000000075c000000|100%| E|CS|TAMS 0x000000075be00000, 0x000000075be00000| Complete 
| 736|0x000000075c000000, 0x000000075c200000, 0x000000075c200000|100%| E|CS|TAMS 0x000000075c000000, 0x000000075c000000| Complete 
| 737|0x000000075c200000, 0x000000075c400000, 0x000000075c400000|100%| E|CS|TAMS 0x000000075c200000, 0x000000075c200000| Complete 
| 738|0x000000075c400000, 0x000000075c600000, 0x000000075c600000|100%| E|CS|TAMS 0x000000075c400000, 0x000000075c400000| Complete 
| 739|0x000000075c600000, 0x000000075c800000, 0x000000075c800000|100%| E|CS|TAMS 0x000000075c600000, 0x000000075c600000| Complete 
| 740|0x000000075c800000, 0x000000075ca00000, 0x000000075ca00000|100%| E|CS|TAMS 0x000000075c800000, 0x000000075c800000| Complete 
| 741|0x000000075ca00000, 0x000000075cc00000, 0x000000075cc00000|100%| E|CS|TAMS 0x000000075ca00000, 0x000000075ca00000| Complete 
| 742|0x000000075cc00000, 0x000000075ce00000, 0x000000075ce00000|100%| E|CS|TAMS 0x000000075cc00000, 0x000000075cc00000| Complete 
| 743|0x000000075ce00000, 0x000000075d000000, 0x000000075d000000|100%| E|CS|TAMS 0x000000075ce00000, 0x000000075ce00000| Complete 
| 744|0x000000075d000000, 0x000000075d200000, 0x000000075d200000|100%| E|CS|TAMS 0x000000075d000000, 0x000000075d000000| Complete 
| 745|0x000000075d200000, 0x000000075d400000, 0x000000075d400000|100%| E|CS|TAMS 0x000000075d200000, 0x000000075d200000| Complete 
| 746|0x000000075d400000, 0x000000075d600000, 0x000000075d600000|100%| E|CS|TAMS 0x000000075d400000, 0x000000075d400000| Complete 
| 747|0x000000075d600000, 0x000000075d800000, 0x000000075d800000|100%| E|CS|TAMS 0x000000075d600000, 0x000000075d600000| Complete 
| 748|0x000000075d800000, 0x000000075da00000, 0x000000075da00000|100%| E|CS|TAMS 0x000000075d800000, 0x000000075d800000| Complete 
| 749|0x000000075da00000, 0x000000075dc00000, 0x000000075dc00000|100%| E|CS|TAMS 0x000000075da00000, 0x000000075da00000| Complete 
| 750|0x000000075dc00000, 0x000000075de00000, 0x000000075de00000|100%| E|CS|TAMS 0x000000075dc00000, 0x000000075dc00000| Complete 
| 751|0x000000075de00000, 0x000000075e000000, 0x000000075e000000|100%| E|CS|TAMS 0x000000075de00000, 0x000000075de00000| Complete 
| 752|0x000000075e000000, 0x000000075e200000, 0x000000075e200000|100%| E|CS|TAMS 0x000000075e000000, 0x000000075e000000| Complete 
| 753|0x000000075e200000, 0x000000075e400000, 0x000000075e400000|100%| E|CS|TAMS 0x000000075e200000, 0x000000075e200000| Complete 
| 754|0x000000075e400000, 0x000000075e600000, 0x000000075e600000|100%| E|CS|TAMS 0x000000075e400000, 0x000000075e400000| Complete 
| 755|0x000000075e600000, 0x000000075e800000, 0x000000075e800000|100%| E|CS|TAMS 0x000000075e600000, 0x000000075e600000| Complete 
| 756|0x000000075e800000, 0x000000075ea00000, 0x000000075ea00000|100%| E|CS|TAMS 0x000000075e800000, 0x000000075e800000| Complete 
| 757|0x000000075ea00000, 0x000000075ec00000, 0x000000075ec00000|100%| E|CS|TAMS 0x000000075ea00000, 0x000000075ea00000| Complete 
| 758|0x000000075ec00000, 0x000000075ee00000, 0x000000075ee00000|100%| E|CS|TAMS 0x000000075ec00000, 0x000000075ec00000| Complete 
| 759|0x000000075ee00000, 0x000000075f000000, 0x000000075f000000|100%| E|CS|TAMS 0x000000075ee00000, 0x000000075ee00000| Complete 
| 760|0x000000075f000000, 0x000000075f200000, 0x000000075f200000|100%| E|CS|TAMS 0x000000075f000000, 0x000000075f000000| Complete 
| 761|0x000000075f200000, 0x000000075f400000, 0x000000075f400000|100%| E|CS|TAMS 0x000000075f200000, 0x000000075f200000| Complete 
| 762|0x000000075f400000, 0x000000075f600000, 0x000000075f600000|100%| E|CS|TAMS 0x000000075f400000, 0x000000075f400000| Complete 
| 763|0x000000075f600000, 0x000000075f800000, 0x000000075f800000|100%| E|CS|TAMS 0x000000075f600000, 0x000000075f600000| Complete 
| 764|0x000000075f800000, 0x000000075fa00000, 0x000000075fa00000|100%| E|CS|TAMS 0x000000075f800000, 0x000000075f800000| Complete 
| 765|0x000000075fa00000, 0x000000075fc00000, 0x000000075fc00000|100%| E|CS|TAMS 0x000000075fa00000, 0x000000075fa00000| Complete 
| 766|0x000000075fc00000, 0x000000075fe00000, 0x000000075fe00000|100%| E|CS|TAMS 0x000000075fc00000, 0x000000075fc00000| Complete 
| 767|0x000000075fe00000, 0x0000000760000000, 0x0000000760000000|100%| E|CS|TAMS 0x000000075fe00000, 0x000000075fe00000| Complete 
| 768|0x0000000760000000, 0x0000000760200000, 0x0000000760200000|100%| E|CS|TAMS 0x0000000760000000, 0x0000000760000000| Complete 
| 769|0x0000000760200000, 0x0000000760400000, 0x0000000760400000|100%| E|CS|TAMS 0x0000000760200000, 0x0000000760200000| Complete 
| 770|0x0000000760400000, 0x0000000760600000, 0x0000000760600000|100%| E|CS|TAMS 0x0000000760400000, 0x0000000760400000| Complete 
| 771|0x0000000760600000, 0x0000000760800000, 0x0000000760800000|100%| E|CS|TAMS 0x0000000760600000, 0x0000000760600000| Complete 
| 772|0x0000000760800000, 0x0000000760a00000, 0x0000000760a00000|100%| E|CS|TAMS 0x0000000760800000, 0x0000000760800000| Complete 
| 773|0x0000000760a00000, 0x0000000760c00000, 0x0000000760c00000|100%| E|CS|TAMS 0x0000000760a00000, 0x0000000760a00000| Complete 
| 774|0x0000000760c00000, 0x0000000760e00000, 0x0000000760e00000|100%| E|CS|TAMS 0x0000000760c00000, 0x0000000760c00000| Complete 
| 775|0x0000000760e00000, 0x0000000761000000, 0x0000000761000000|100%| E|CS|TAMS 0x0000000760e00000, 0x0000000760e00000| Complete 
| 776|0x0000000761000000, 0x0000000761200000, 0x0000000761200000|100%| E|CS|TAMS 0x0000000761000000, 0x0000000761000000| Complete 
| 777|0x0000000761200000, 0x0000000761400000, 0x0000000761400000|100%| E|CS|TAMS 0x0000000761200000, 0x0000000761200000| Complete 
| 778|0x0000000761400000, 0x0000000761600000, 0x0000000761600000|100%| E|CS|TAMS 0x0000000761400000, 0x0000000761400000| Complete 
| 779|0x0000000761600000, 0x0000000761800000, 0x0000000761800000|100%| E|CS|TAMS 0x0000000761600000, 0x0000000761600000| Complete 
| 780|0x0000000761800000, 0x0000000761a00000, 0x0000000761a00000|100%| E|CS|TAMS 0x0000000761800000, 0x0000000761800000| Complete 
| 781|0x0000000761a00000, 0x0000000761c00000, 0x0000000761c00000|100%| E|CS|TAMS 0x0000000761a00000, 0x0000000761a00000| Complete 
| 782|0x0000000761c00000, 0x0000000761e00000, 0x0000000761e00000|100%| E|CS|TAMS 0x0000000761c00000, 0x0000000761c00000| Complete 
| 783|0x0000000761e00000, 0x0000000762000000, 0x0000000762000000|100%| E|CS|TAMS 0x0000000761e00000, 0x0000000761e00000| Complete 
| 784|0x0000000762000000, 0x0000000762200000, 0x0000000762200000|100%| E|CS|TAMS 0x0000000762000000, 0x0000000762000000| Complete 
| 785|0x0000000762200000, 0x0000000762400000, 0x0000000762400000|100%| E|CS|TAMS 0x0000000762200000, 0x0000000762200000| Complete 
| 786|0x0000000762400000, 0x0000000762600000, 0x0000000762600000|100%| E|CS|TAMS 0x0000000762400000, 0x0000000762400000| Complete 
| 787|0x0000000762600000, 0x0000000762800000, 0x0000000762800000|100%| E|CS|TAMS 0x0000000762600000, 0x0000000762600000| Complete 
| 788|0x0000000762800000, 0x0000000762a00000, 0x0000000762a00000|100%| E|CS|TAMS 0x0000000762800000, 0x0000000762800000| Complete 
| 789|0x0000000762a00000, 0x0000000762c00000, 0x0000000762c00000|100%| E|CS|TAMS 0x0000000762a00000, 0x0000000762a00000| Complete 
| 790|0x0000000762c00000, 0x0000000762e00000, 0x0000000762e00000|100%| E|CS|TAMS 0x0000000762c00000, 0x0000000762c00000| Complete 
| 791|0x0000000762e00000, 0x0000000763000000, 0x0000000763000000|100%| E|CS|TAMS 0x0000000762e00000, 0x0000000762e00000| Complete 
| 792|0x0000000763000000, 0x0000000763200000, 0x0000000763200000|100%| E|CS|TAMS 0x0000000763000000, 0x0000000763000000| Complete 
| 793|0x0000000763200000, 0x0000000763400000, 0x0000000763400000|100%| E|CS|TAMS 0x0000000763200000, 0x0000000763200000| Complete 
| 794|0x0000000763400000, 0x0000000763600000, 0x0000000763600000|100%| E|CS|TAMS 0x0000000763400000, 0x0000000763400000| Complete 
| 795|0x0000000763600000, 0x0000000763800000, 0x0000000763800000|100%| E|CS|TAMS 0x0000000763600000, 0x0000000763600000| Complete 
| 796|0x0000000763800000, 0x0000000763a00000, 0x0000000763a00000|100%| E|CS|TAMS 0x0000000763800000, 0x0000000763800000| Complete 
| 797|0x0000000763a00000, 0x0000000763c00000, 0x0000000763c00000|100%| E|CS|TAMS 0x0000000763a00000, 0x0000000763a00000| Complete 
| 798|0x0000000763c00000, 0x0000000763e00000, 0x0000000763e00000|100%| E|CS|TAMS 0x0000000763c00000, 0x0000000763c00000| Complete 
| 799|0x0000000763e00000, 0x0000000764000000, 0x0000000764000000|100%| E|CS|TAMS 0x0000000763e00000, 0x0000000763e00000| Complete 
| 800|0x0000000764000000, 0x0000000764200000, 0x0000000764200000|100%| E|CS|TAMS 0x0000000764000000, 0x0000000764000000| Complete 
| 801|0x0000000764200000, 0x0000000764400000, 0x0000000764400000|100%| E|CS|TAMS 0x0000000764200000, 0x0000000764200000| Complete 
| 802|0x0000000764400000, 0x0000000764600000, 0x0000000764600000|100%| E|CS|TAMS 0x0000000764400000, 0x0000000764400000| Complete 
| 803|0x0000000764600000, 0x0000000764800000, 0x0000000764800000|100%| E|CS|TAMS 0x0000000764600000, 0x0000000764600000| Complete 
| 804|0x0000000764800000, 0x0000000764a00000, 0x0000000764a00000|100%| E|CS|TAMS 0x0000000764800000, 0x0000000764800000| Complete 
| 805|0x0000000764a00000, 0x0000000764c00000, 0x0000000764c00000|100%| E|CS|TAMS 0x0000000764a00000, 0x0000000764a00000| Complete 
| 806|0x0000000764c00000, 0x0000000764e00000, 0x0000000764e00000|100%| E|CS|TAMS 0x0000000764c00000, 0x0000000764c00000| Complete 
| 807|0x0000000764e00000, 0x0000000765000000, 0x0000000765000000|100%| E|CS|TAMS 0x0000000764e00000, 0x0000000764e00000| Complete 
| 808|0x0000000765000000, 0x0000000765200000, 0x0000000765200000|100%| E|CS|TAMS 0x0000000765000000, 0x0000000765000000| Complete 
| 809|0x0000000765200000, 0x0000000765400000, 0x0000000765400000|100%| E|CS|TAMS 0x0000000765200000, 0x0000000765200000| Complete 
| 810|0x0000000765400000, 0x0000000765600000, 0x0000000765600000|100%| E|CS|TAMS 0x0000000765400000, 0x0000000765400000| Complete 
| 811|0x0000000765600000, 0x0000000765800000, 0x0000000765800000|100%| E|CS|TAMS 0x0000000765600000, 0x0000000765600000| Complete 
| 812|0x0000000765800000, 0x0000000765a00000, 0x0000000765a00000|100%| E|CS|TAMS 0x0000000765800000, 0x0000000765800000| Complete 
| 813|0x0000000765a00000, 0x0000000765c00000, 0x0000000765c00000|100%| E|CS|TAMS 0x0000000765a00000, 0x0000000765a00000| Complete 
| 814|0x0000000765c00000, 0x0000000765e00000, 0x0000000765e00000|100%| E|CS|TAMS 0x0000000765c00000, 0x0000000765c00000| Complete 
| 815|0x0000000765e00000, 0x0000000766000000, 0x0000000766000000|100%| E|CS|TAMS 0x0000000765e00000, 0x0000000765e00000| Complete 
| 816|0x0000000766000000, 0x0000000766200000, 0x0000000766200000|100%| E|CS|TAMS 0x0000000766000000, 0x0000000766000000| Complete 
| 817|0x0000000766200000, 0x0000000766400000, 0x0000000766400000|100%| E|CS|TAMS 0x0000000766200000, 0x0000000766200000| Complete 
| 818|0x0000000766400000, 0x0000000766600000, 0x0000000766600000|100%| E|CS|TAMS 0x0000000766400000, 0x0000000766400000| Complete 
| 819|0x0000000766600000, 0x0000000766800000, 0x0000000766800000|100%| E|CS|TAMS 0x0000000766600000, 0x0000000766600000| Complete 
| 820|0x0000000766800000, 0x0000000766a00000, 0x0000000766a00000|100%| E|CS|TAMS 0x0000000766800000, 0x0000000766800000| Complete 
| 821|0x0000000766a00000, 0x0000000766c00000, 0x0000000766c00000|100%| E|CS|TAMS 0x0000000766a00000, 0x0000000766a00000| Complete 
| 822|0x0000000766c00000, 0x0000000766e00000, 0x0000000766e00000|100%| E|CS|TAMS 0x0000000766c00000, 0x0000000766c00000| Complete 
| 823|0x0000000766e00000, 0x0000000767000000, 0x0000000767000000|100%| E|CS|TAMS 0x0000000766e00000, 0x0000000766e00000| Complete 
| 824|0x0000000767000000, 0x0000000767200000, 0x0000000767200000|100%| E|CS|TAMS 0x0000000767000000, 0x0000000767000000| Complete 
| 825|0x0000000767200000, 0x0000000767400000, 0x0000000767400000|100%| E|CS|TAMS 0x0000000767200000, 0x0000000767200000| Complete 
| 826|0x0000000767400000, 0x0000000767600000, 0x0000000767600000|100%| E|CS|TAMS 0x0000000767400000, 0x0000000767400000| Complete 
| 827|0x0000000767600000, 0x0000000767800000, 0x0000000767800000|100%| E|CS|TAMS 0x0000000767600000, 0x0000000767600000| Complete 
| 828|0x0000000767800000, 0x0000000767a00000, 0x0000000767a00000|100%| E|CS|TAMS 0x0000000767800000, 0x0000000767800000| Complete 
| 829|0x0000000767a00000, 0x0000000767c00000, 0x0000000767c00000|100%| E|CS|TAMS 0x0000000767a00000, 0x0000000767a00000| Complete 
| 830|0x0000000767c00000, 0x0000000767e00000, 0x0000000767e00000|100%| E|CS|TAMS 0x0000000767c00000, 0x0000000767c00000| Complete 
| 831|0x0000000767e00000, 0x0000000768000000, 0x0000000768000000|100%| E|CS|TAMS 0x0000000767e00000, 0x0000000767e00000| Complete 
| 832|0x0000000768000000, 0x0000000768200000, 0x0000000768200000|100%| E|CS|TAMS 0x0000000768000000, 0x0000000768000000| Complete 
| 833|0x0000000768200000, 0x0000000768400000, 0x0000000768400000|100%| E|CS|TAMS 0x0000000768200000, 0x0000000768200000| Complete 
| 834|0x0000000768400000, 0x0000000768600000, 0x0000000768600000|100%| E|CS|TAMS 0x0000000768400000, 0x0000000768400000| Complete 
| 835|0x0000000768600000, 0x0000000768800000, 0x0000000768800000|100%| E|CS|TAMS 0x0000000768600000, 0x0000000768600000| Complete 
| 836|0x0000000768800000, 0x0000000768a00000, 0x0000000768a00000|100%| E|CS|TAMS 0x0000000768800000, 0x0000000768800000| Complete 
| 837|0x0000000768a00000, 0x0000000768c00000, 0x0000000768c00000|100%| E|CS|TAMS 0x0000000768a00000, 0x0000000768a00000| Complete 
| 838|0x0000000768c00000, 0x0000000768e00000, 0x0000000768e00000|100%| E|CS|TAMS 0x0000000768c00000, 0x0000000768c00000| Complete 
| 839|0x0000000768e00000, 0x0000000769000000, 0x0000000769000000|100%| E|CS|TAMS 0x0000000768e00000, 0x0000000768e00000| Complete 
| 840|0x0000000769000000, 0x0000000769200000, 0x0000000769200000|100%| E|CS|TAMS 0x0000000769000000, 0x0000000769000000| Complete 
| 841|0x0000000769200000, 0x0000000769400000, 0x0000000769400000|100%| E|CS|TAMS 0x0000000769200000, 0x0000000769200000| Complete 
| 842|0x0000000769400000, 0x0000000769600000, 0x0000000769600000|100%| E|CS|TAMS 0x0000000769400000, 0x0000000769400000| Complete 
| 843|0x0000000769600000, 0x0000000769800000, 0x0000000769800000|100%| E|CS|TAMS 0x0000000769600000, 0x0000000769600000| Complete 
| 844|0x0000000769800000, 0x0000000769a00000, 0x0000000769a00000|100%| E|CS|TAMS 0x0000000769800000, 0x0000000769800000| Complete 
| 845|0x0000000769a00000, 0x0000000769c00000, 0x0000000769c00000|100%| E|CS|TAMS 0x0000000769a00000, 0x0000000769a00000| Complete 
| 846|0x0000000769c00000, 0x0000000769e00000, 0x0000000769e00000|100%| E|CS|TAMS 0x0000000769c00000, 0x0000000769c00000| Complete 
| 847|0x0000000769e00000, 0x000000076a000000, 0x000000076a000000|100%| E|CS|TAMS 0x0000000769e00000, 0x0000000769e00000| Complete 
| 848|0x000000076a000000, 0x000000076a200000, 0x000000076a200000|100%| E|CS|TAMS 0x000000076a000000, 0x000000076a000000| Complete 
| 849|0x000000076a200000, 0x000000076a400000, 0x000000076a400000|100%| E|CS|TAMS 0x000000076a200000, 0x000000076a200000| Complete 
| 850|0x000000076a400000, 0x000000076a600000, 0x000000076a600000|100%| E|CS|TAMS 0x000000076a400000, 0x000000076a400000| Complete 
| 851|0x000000076a600000, 0x000000076a800000, 0x000000076a800000|100%| E|CS|TAMS 0x000000076a600000, 0x000000076a600000| Complete 
| 852|0x000000076a800000, 0x000000076aa00000, 0x000000076aa00000|100%| E|CS|TAMS 0x000000076a800000, 0x000000076a800000| Complete 
| 853|0x000000076aa00000, 0x000000076ac00000, 0x000000076ac00000|100%| E|CS|TAMS 0x000000076aa00000, 0x000000076aa00000| Complete 
| 854|0x000000076ac00000, 0x000000076ae00000, 0x000000076ae00000|100%| E|CS|TAMS 0x000000076ac00000, 0x000000076ac00000| Complete 
| 855|0x000000076ae00000, 0x000000076b000000, 0x000000076b000000|100%| E|CS|TAMS 0x000000076ae00000, 0x000000076ae00000| Complete 
| 856|0x000000076b000000, 0x000000076b200000, 0x000000076b200000|100%| E|CS|TAMS 0x000000076b000000, 0x000000076b000000| Complete 
| 857|0x000000076b200000, 0x000000076b400000, 0x000000076b400000|100%| E|CS|TAMS 0x000000076b200000, 0x000000076b200000| Complete 
| 858|0x000000076b400000, 0x000000076b600000, 0x000000076b600000|100%| E|CS|TAMS 0x000000076b400000, 0x000000076b400000| Complete 
| 859|0x000000076b600000, 0x000000076b800000, 0x000000076b800000|100%| E|CS|TAMS 0x000000076b600000, 0x000000076b600000| Complete 
| 860|0x000000076b800000, 0x000000076ba00000, 0x000000076ba00000|100%| E|CS|TAMS 0x000000076b800000, 0x000000076b800000| Complete 
| 861|0x000000076ba00000, 0x000000076bc00000, 0x000000076bc00000|100%| E|CS|TAMS 0x000000076ba00000, 0x000000076ba00000| Complete 
| 862|0x000000076bc00000, 0x000000076be00000, 0x000000076be00000|100%| E|CS|TAMS 0x000000076bc00000, 0x000000076bc00000| Complete 
| 863|0x000000076be00000, 0x000000076c000000, 0x000000076c000000|100%| E|CS|TAMS 0x000000076be00000, 0x000000076be00000| Complete 
| 864|0x000000076c000000, 0x000000076c200000, 0x000000076c200000|100%| E|CS|TAMS 0x000000076c000000, 0x000000076c000000| Complete 
| 865|0x000000076c200000, 0x000000076c400000, 0x000000076c400000|100%| E|CS|TAMS 0x000000076c200000, 0x000000076c200000| Complete 
| 866|0x000000076c400000, 0x000000076c600000, 0x000000076c600000|100%| E|CS|TAMS 0x000000076c400000, 0x000000076c400000| Complete 
| 867|0x000000076c600000, 0x000000076c800000, 0x000000076c800000|100%| E|CS|TAMS 0x000000076c600000, 0x000000076c600000| Complete 
| 868|0x000000076c800000, 0x000000076ca00000, 0x000000076ca00000|100%| E|CS|TAMS 0x000000076c800000, 0x000000076c800000| Complete 
| 869|0x000000076ca00000, 0x000000076cc00000, 0x000000076cc00000|100%| E|CS|TAMS 0x000000076ca00000, 0x000000076ca00000| Complete 
| 870|0x000000076cc00000, 0x000000076ce00000, 0x000000076ce00000|100%| E|CS|TAMS 0x000000076cc00000, 0x000000076cc00000| Complete 
| 871|0x000000076ce00000, 0x000000076d000000, 0x000000076d000000|100%| E|CS|TAMS 0x000000076ce00000, 0x000000076ce00000| Complete 
| 872|0x000000076d000000, 0x000000076d200000, 0x000000076d200000|100%| E|CS|TAMS 0x000000076d000000, 0x000000076d000000| Complete 
| 873|0x000000076d200000, 0x000000076d400000, 0x000000076d400000|100%| E|CS|TAMS 0x000000076d200000, 0x000000076d200000| Complete 
| 874|0x000000076d400000, 0x000000076d600000, 0x000000076d600000|100%| E|CS|TAMS 0x000000076d400000, 0x000000076d400000| Complete 
| 875|0x000000076d600000, 0x000000076d800000, 0x000000076d800000|100%| E|CS|TAMS 0x000000076d600000, 0x000000076d600000| Complete 
| 876|0x000000076d800000, 0x000000076da00000, 0x000000076da00000|100%| E|CS|TAMS 0x000000076d800000, 0x000000076d800000| Complete 
| 877|0x000000076da00000, 0x000000076dc00000, 0x000000076dc00000|100%| E|CS|TAMS 0x000000076da00000, 0x000000076da00000| Complete 
| 878|0x000000076dc00000, 0x000000076de00000, 0x000000076de00000|100%| E|CS|TAMS 0x000000076dc00000, 0x000000076dc00000| Complete 
| 879|0x000000076de00000, 0x000000076e000000, 0x000000076e000000|100%| E|CS|TAMS 0x000000076de00000, 0x000000076de00000| Complete 
| 880|0x000000076e000000, 0x000000076e200000, 0x000000076e200000|100%| E|CS|TAMS 0x000000076e000000, 0x000000076e000000| Complete 
| 881|0x000000076e200000, 0x000000076e400000, 0x000000076e400000|100%| E|CS|TAMS 0x000000076e200000, 0x000000076e200000| Complete 
| 882|0x000000076e400000, 0x000000076e600000, 0x000000076e600000|100%| E|CS|TAMS 0x000000076e400000, 0x000000076e400000| Complete 
| 883|0x000000076e600000, 0x000000076e800000, 0x000000076e800000|100%| E|CS|TAMS 0x000000076e600000, 0x000000076e600000| Complete 
| 884|0x000000076e800000, 0x000000076ea00000, 0x000000076ea00000|100%| E|CS|TAMS 0x000000076e800000, 0x000000076e800000| Complete 
| 885|0x000000076ea00000, 0x000000076ec00000, 0x000000076ec00000|100%| E|CS|TAMS 0x000000076ea00000, 0x000000076ea00000| Complete 
| 886|0x000000076ec00000, 0x000000076ee00000, 0x000000076ee00000|100%| E|CS|TAMS 0x000000076ec00000, 0x000000076ec00000| Complete 
| 887|0x000000076ee00000, 0x000000076f000000, 0x000000076f000000|100%| E|CS|TAMS 0x000000076ee00000, 0x000000076ee00000| Complete 
| 888|0x000000076f000000, 0x000000076f200000, 0x000000076f200000|100%| E|CS|TAMS 0x000000076f000000, 0x000000076f000000| Complete 
| 889|0x000000076f200000, 0x000000076f400000, 0x000000076f400000|100%| E|CS|TAMS 0x000000076f200000, 0x000000076f200000| Complete 
| 890|0x000000076f400000, 0x000000076f600000, 0x000000076f600000|100%| E|CS|TAMS 0x000000076f400000, 0x000000076f400000| Complete 
| 891|0x000000076f600000, 0x000000076f800000, 0x000000076f800000|100%| E|CS|TAMS 0x000000076f600000, 0x000000076f600000| Complete 
| 892|0x000000076f800000, 0x000000076fa00000, 0x000000076fa00000|100%| E|CS|TAMS 0x000000076f800000, 0x000000076f800000| Complete 
| 893|0x000000076fa00000, 0x000000076fc00000, 0x000000076fc00000|100%| E|CS|TAMS 0x000000076fa00000, 0x000000076fa00000| Complete 
| 894|0x000000076fc00000, 0x000000076fe00000, 0x000000076fe00000|100%| E|CS|TAMS 0x000000076fc00000, 0x000000076fc00000| Complete 
| 895|0x000000076fe00000, 0x0000000770000000, 0x0000000770000000|100%| E|CS|TAMS 0x000000076fe00000, 0x000000076fe00000| Complete 
| 896|0x0000000770000000, 0x0000000770200000, 0x0000000770200000|100%| E|CS|TAMS 0x0000000770000000, 0x0000000770000000| Complete 
| 897|0x0000000770200000, 0x0000000770400000, 0x0000000770400000|100%| E|CS|TAMS 0x0000000770200000, 0x0000000770200000| Complete 
|2042|0x00000007ff400000, 0x00000007ff600000, 0x00000007ff600000|100%| O|  |TAMS 0x00000007ff600000, 0x00000007ff400000| Untracked 
|2043|0x00000007ff600000, 0x00000007ff800000, 0x00000007ff800000|100%| O|  |TAMS 0x00000007ff800000, 0x00000007ff600000| Untracked 
|2044|0x00000007ff800000, 0x00000007ffa00000, 0x00000007ffa00000|100%| O|  |TAMS 0x00000007ffa00000, 0x00000007ff800000| Untracked 
|2045|0x00000007ffa00000, 0x00000007ffc00000, 0x00000007ffc00000|100%| O|  |TAMS 0x00000007ffc00000, 0x00000007ffa00000| Untracked 
|2046|0x00000007ffc00000, 0x00000007ffe00000, 0x00000007ffe00000|100%| O|  |TAMS 0x00000007ffe00000, 0x00000007ffc00000| Untracked 
|2047|0x00000007ffe00000, 0x0000000800000000, 0x0000000800000000|100%| O|  |TAMS 0x0000000800000000, 0x00000007ffe00000| Untracked 

Card table byte_map: [0x000001e23a360000,0x000001e23ab60000] _byte_map_base: 0x000001e236b60000

Marking Bits (Prev, Next): (CMBitMap*) 0x000001e2203be030, (CMBitMap*) 0x000001e2203bdff0
 Prev Bits: [0x000001e23f360000, 0x000001e243360000)
 Next Bits: [0x000001e23b360000, 0x000001e23f360000)

Polling page: 0x000001e220840000

Metaspace:

Usage:
  Non-class:    216.51 MB used.
      Class:     32.30 MB used.
       Both:    248.81 MB used.

Virtual space:
  Non-class space:      256.00 MB reserved,     217.81 MB ( 85%) committed,  4 nodes.
      Class space:      416.00 MB reserved,      33.38 MB (  8%) committed,  1 nodes.
             Both:      672.00 MB reserved,     251.19 MB ( 37%) committed. 

Chunk freelists:
   Non-Class:  6.03 MB
       Class:  14.50 MB
        Both:  20.53 MB

MaxMetaspaceSize: 512.00 MB
CompressedClassSpaceSize: 416.00 MB
Initial GC threshold: 21.00 MB
Current GC threshold: 322.62 MB
CDS: on
MetaspaceReclaimPolicy: balanced
 - commit_granule_bytes: 65536.
 - commit_granule_words: 8192.
 - virtual_space_node_default_size: 8388608.
 - enlarge_chunks_in_place: 1.
 - new_chunks_are_fully_committed: 0.
 - uncommit_free_chunks: 1.
 - use_allocation_guard: 0.
 - handle_deallocations: 1.


Internal statistics:

num_allocs_failed_limit: 27.
num_arena_births: 3434.
num_arena_deaths: 64.
num_vsnodes_births: 5.
num_vsnodes_deaths: 0.
num_space_committed: 4032.
num_space_uncommitted: 17.
num_chunks_returned_to_freelist: 247.
num_chunks_taken_from_freelist: 14751.
num_chunk_merges: 78.
num_chunk_splits: 9846.
num_chunks_enlarged: 6516.
num_inconsistent_stats: 0.

CodeHeap 'non-profiled nmethods': size=119168Kb used=26563Kb max_used=26594Kb free=92604Kb
 bounds [0x000001e231e70000, 0x000001e2338c0000, 0x000001e2392d0000]
CodeHeap 'profiled nmethods': size=119104Kb used=88329Kb max_used=88329Kb free=30774Kb
 bounds [0x000001e22a2d0000, 0x000001e22f920000, 0x000001e231720000]
CodeHeap 'non-nmethods': size=7488Kb used=4372Kb max_used=4445Kb free=3115Kb
 bounds [0x000001e231720000, 0x000001e231ba0000, 0x000001e231e70000]
 total_blobs=40223 nmethods=38984 adapters=1144
 compilation: enabled
              stopped_count=0, restarted_count=0
 full_count=0

Compilation events (20 events):
Event: 234.066 Thread 0x000001e26c38f090 58191       3       org.jetbrains.kotlin.resolve.calls.checkers.ReifiedTypeParameterSubstitutionChecker::check (206 bytes)
Event: 234.069 Thread 0x000001e277546920 nmethod 58284 0x000001e22f87c110 code [0x000001e22f87c3c0, 0x000001e22f87d368]
Event: 234.070 Thread 0x000001e277546920 58287   !   3       groovyjarjarantlr4.v4.runtime.Lexer::nextToken (249 bytes)
Event: 234.070 Thread 0x000001e275486400 nmethod 58176 0x000001e22f874390 code [0x000001e22f874ca0, 0x000001e22f87a158]
Event: 234.070 Thread 0x000001e24582bbb0 nmethod 58277 0x000001e22f87d910 code [0x000001e22f87dc60, 0x000001e22f87fb08]
Event: 234.072 Thread 0x000001e24582bbb0 58232       3       org.jetbrains.kotlin.resolve.calls.tower.KotlinToResolvedCallTransformer::reportCallDiagnostic (370 bytes)
Event: 234.073 Thread 0x000001e275486400 58205       3       org.jetbrains.kotlin.resolve.jvm.checkers.SuspensionPointInsideMutexLockChecker::check (164 bytes)
Event: 234.079 Thread 0x000001e277546920 nmethod 58287 0x000001e22f880390 code [0x000001e22f880640, 0x000001e22f881ba8]
Event: 234.081 Thread 0x000001e277546920 58201       3       org.jetbrains.kotlin.resolve.calls.checkers.IncorrectCapturedApproximationCallChecker::check (688 bytes)
Event: 234.081 Thread 0x000001e26c38f090 nmethod 58191 0x000001e22f882290 code [0x000001e22f8826e0, 0x000001e22f884978]
Event: 234.082 Thread 0x000001e26c38f090 58228       3       org.jetbrains.kotlin.resolve.jvm.checkers.UpperBoundViolatedInTypealiasConstructorChecker::check (728 bytes)
Event: 234.084 Thread 0x000001e275486400 nmethod 58205 0x000001e22f885390 code [0x000001e22f8857a0, 0x000001e22f887658]
Event: 234.084 Thread 0x000001e275486400 58162       3       org.jetbrains.kotlin.contracts.EffectSystem::recordDefiniteInvocations (235 bytes)
Event: 234.091 Thread 0x000001e24582bbb0 nmethod 58232 0x000001e22f887e10 code [0x000001e22f888460, 0x000001e22f88bb58]
Event: 234.092 Thread 0x000001e24582bbb0 58100       2       org.jetbrains.kotlin.resolve.calls.tower.TowerResolver$Task::mayFitForName (122 bytes)
Event: 234.097 Thread 0x000001e24582bbb0 nmethod 58100 0x000001e22f890310 code [0x000001e22f890540, 0x000001e22f890ac8]
Event: 234.098 Thread 0x000001e275486400 nmethod 58162 0x000001e22f88cd90 code [0x000001e22f88d220, 0x000001e22f88f8b8]
Event: 234.098 Thread 0x000001e24582bbb0 58293       3       org.jetbrains.kotlin.serialization.deserialization.descriptors.DeserializedClassDescriptor::getValueClassRepresentation (13 bytes)
Event: 234.100 Thread 0x000001e275486400 58248       3       sun.security.util.math.intpoly.IntegerPolynomial$MutableElement::setReduced (5 bytes)
Event: 235.102 Thread 0x000001e24582bbb0 nmethod 58293 0x000001e22f890d90 code [0x000001e22f890f40, 0x000001e22f891208]

GC Heap History (20 events):
Event: 216.163 GC heap before
{Heap before GC invocations=110 (full 0):
 garbage-first heap   total 1851392K, used 1503866K [0x0000000700000000, 0x0000000800000000)
  region size 2048K, 542 young (1110016K), 28 survivors (57344K)
 Metaspace       used 212493K, committed 214720K, reserved 622592K
  class space    used 27491K, committed 28480K, reserved 425984K
}
Event: 216.188 GC heap after
{Heap after GC invocations=111 (full 0):
 garbage-first heap   total 1851392K, used 452443K [0x0000000700000000, 0x0000000800000000)
  region size 2048K, 29 young (59392K), 29 survivors (59392K)
 Metaspace       used 212493K, committed 214720K, reserved 622592K
  class space    used 27491K, committed 28480K, reserved 425984K
}
Event: 217.760 GC heap before
{Heap before GC invocations=111 (full 0):
 garbage-first heap   total 1851392K, used 1503067K [0x0000000700000000, 0x0000000800000000)
  region size 2048K, 542 young (1110016K), 29 survivors (59392K)
 Metaspace       used 216372K, committed 218624K, reserved 622592K
  class space    used 27977K, committed 28992K, reserved 425984K
}
Event: 217.784 GC heap after
{Heap after GC invocations=112 (full 0):
 garbage-first heap   total 1851392K, used 460665K [0x0000000700000000, 0x0000000800000000)
  region size 2048K, 32 young (65536K), 32 survivors (65536K)
 Metaspace       used 216372K, committed 218624K, reserved 622592K
  class space    used 27977K, committed 28992K, reserved 425984K
}
Event: 219.327 GC heap before
{Heap before GC invocations=112 (full 0):
 garbage-first heap   total 1851392K, used 1503097K [0x0000000700000000, 0x0000000800000000)
  region size 2048K, 542 young (1110016K), 32 survivors (65536K)
 Metaspace       used 219704K, committed 221952K, reserved 622592K
  class space    used 28502K, committed 29504K, reserved 425984K
}
Event: 219.350 GC heap after
{Heap after GC invocations=113 (full 0):
 garbage-first heap   total 1851392K, used 462774K [0x0000000700000000, 0x0000000800000000)
  region size 2048K, 33 young (67584K), 33 survivors (67584K)
 Metaspace       used 219704K, committed 221952K, reserved 622592K
  class space    used 28502K, committed 29504K, reserved 425984K
}
Event: 221.703 GC heap before
{Heap before GC invocations=113 (full 0):
 garbage-first heap   total 1851392K, used 1511350K [0x0000000700000000, 0x0000000800000000)
  region size 2048K, 542 young (1110016K), 33 survivors (67584K)
 Metaspace       used 227865K, committed 230080K, reserved 688128K
  class space    used 29585K, committed 30592K, reserved 425984K
}
Event: 221.727 GC heap after
{Heap after GC invocations=114 (full 0):
 garbage-first heap   total 1851392K, used 458717K [0x0000000700000000, 0x0000000800000000)
  region size 2048K, 31 young (63488K), 31 survivors (63488K)
 Metaspace       used 227865K, committed 230080K, reserved 688128K
  class space    used 29585K, committed 30592K, reserved 425984K
}
Event: 224.010 GC heap before
{Heap before GC invocations=114 (full 0):
 garbage-first heap   total 1851392K, used 1507293K [0x0000000700000000, 0x0000000800000000)
  region size 2048K, 542 young (1110016K), 31 survivors (63488K)
 Metaspace       used 233077K, committed 235264K, reserved 688128K
  class space    used 30193K, committed 31168K, reserved 425984K
}
Event: 224.058 GC heap after
{Heap after GC invocations=115 (full 0):
 garbage-first heap   total 1851392K, used 508720K [0x0000000700000000, 0x0000000800000000)
  region size 2048K, 55 young (112640K), 55 survivors (112640K)
 Metaspace       used 233077K, committed 235264K, reserved 688128K
  class space    used 30193K, committed 31168K, reserved 425984K
}
Event: 225.349 GC heap before
{Heap before GC invocations=115 (full 0):
 garbage-first heap   total 1851392K, used 1504048K [0x0000000700000000, 0x0000000800000000)
  region size 2048K, 542 young (1110016K), 55 survivors (112640K)
 Metaspace       used 235052K, committed 237312K, reserved 688128K
  class space    used 30350K, committed 31360K, reserved 425984K
}
Event: 225.413 GC heap after
{Heap after GC invocations=116 (full 0):
 garbage-first heap   total 1851392K, used 542611K [0x0000000700000000, 0x0000000800000000)
  region size 2048K, 52 young (106496K), 52 survivors (106496K)
 Metaspace       used 235052K, committed 237312K, reserved 688128K
  class space    used 30350K, committed 31360K, reserved 425984K
}
Event: 226.689 GC heap before
{Heap before GC invocations=116 (full 0):
 garbage-first heap   total 1851392K, used 1537939K [0x0000000700000000, 0x0000000800000000)
  region size 2048K, 539 young (1103872K), 52 survivors (106496K)
 Metaspace       used 237678K, committed 240000K, reserved 688128K
  class space    used 30785K, committed 31808K, reserved 425984K
}
Event: 226.733 GC heap after
{Heap after GC invocations=117 (full 0):
 garbage-first heap   total 1851392K, used 556514K [0x0000000700000000, 0x0000000800000000)
  region size 2048K, 35 young (71680K), 35 survivors (71680K)
 Metaspace       used 237678K, committed 240000K, reserved 688128K
  class space    used 30785K, committed 31808K, reserved 425984K
}
Event: 228.307 GC heap before
{Heap before GC invocations=117 (full 0):
 garbage-first heap   total 1851392K, used 1553890K [0x0000000700000000, 0x0000000800000000)
  region size 2048K, 523 young (1071104K), 35 survivors (71680K)
 Metaspace       used 240335K, committed 242624K, reserved 688128K
  class space    used 31107K, committed 32128K, reserved 425984K
}
Event: 228.357 GC heap after
{Heap after GC invocations=118 (full 0):
 garbage-first heap   total 1851392K, used 583138K [0x0000000700000000, 0x0000000800000000)
  region size 2048K, 48 young (98304K), 48 survivors (98304K)
 Metaspace       used 240335K, committed 242624K, reserved 688128K
  class space    used 31107K, committed 32128K, reserved 425984K
}
Event: 229.616 GC heap before
{Heap before GC invocations=118 (full 0):
 garbage-first heap   total 1851392K, used 1557986K [0x0000000700000000, 0x0000000800000000)
  region size 2048K, 525 young (1075200K), 48 survivors (98304K)
 Metaspace       used 242193K, committed 244416K, reserved 688128K
  class space    used 31409K, committed 32384K, reserved 425984K
}
Event: 229.667 GC heap after
{Heap after GC invocations=119 (full 0):
 garbage-first heap   total 1851392K, used 619570K [0x0000000700000000, 0x0000000800000000)
  region size 2048K, 45 young (92160K), 45 survivors (92160K)
 Metaspace       used 242193K, committed 244416K, reserved 688128K
  class space    used 31409K, committed 32384K, reserved 425984K
}
Event: 232.889 GC heap before
{Heap before GC invocations=119 (full 0):
 garbage-first heap   total 1851392K, used 1633330K [0x0000000700000000, 0x0000000800000000)
  region size 2048K, 506 young (1036288K), 45 survivors (92160K)
 Metaspace       used 252138K, committed 254528K, reserved 688128K
  class space    used 32794K, committed 33856K, reserved 425984K
}
Event: 232.953 GC heap after
{Heap after GC invocations=120 (full 0):
 garbage-first heap   total 1851392K, used 674658K [0x0000000700000000, 0x0000000800000000)
  region size 2048K, 37 young (75776K), 37 survivors (75776K)
 Metaspace       used 252138K, committed 254528K, reserved 688128K
  class space    used 32794K, committed 33856K, reserved 425984K
}

Dll operation events (17 events):
Event: 0.005 Loaded shared library C:\Program Files\Microsoft\jdk-17.0.13.11-hotspot\bin\java.dll
Event: 0.016 Loaded shared library C:\Program Files\Microsoft\jdk-17.0.13.11-hotspot\bin\jsvml.dll
Event: 0.045 Loaded shared library C:\Program Files\Microsoft\jdk-17.0.13.11-hotspot\bin\zip.dll
Event: 0.047 Loaded shared library C:\Program Files\Microsoft\jdk-17.0.13.11-hotspot\bin\instrument.dll
Event: 0.049 Loaded shared library C:\Program Files\Microsoft\jdk-17.0.13.11-hotspot\bin\net.dll
Event: 0.050 Loaded shared library C:\Program Files\Microsoft\jdk-17.0.13.11-hotspot\bin\nio.dll
Event: 0.052 Loaded shared library C:\Program Files\Microsoft\jdk-17.0.13.11-hotspot\bin\zip.dll
Event: 0.160 Loaded shared library C:\Program Files\Microsoft\jdk-17.0.13.11-hotspot\bin\jimage.dll
Event: 0.198 Loaded shared library C:\Program Files\Microsoft\jdk-17.0.13.11-hotspot\bin\verify.dll
Event: 0.304 Loaded shared library C:\Users\mr_sa\.gradle\native\c067742578af261105cb4f569cf0c3c89f3d7b1fecec35dd04571415982c5e48\windows-amd64\native-platform.dll
Event: 0.308 Loaded shared library C:\Users\mr_sa\.gradle\native\38dada09dfb8b06ba9b0570ebf7e218e3eb74d4ef43ca46872605cf95ebc2f47\windows-amd64\native-platform-file-events.dll
Event: 1.035 Loaded shared library C:\Program Files\Microsoft\jdk-17.0.13.11-hotspot\bin\management.dll
Event: 1.037 Loaded shared library C:\Program Files\Microsoft\jdk-17.0.13.11-hotspot\bin\management_ext.dll
Event: 1.178 Loaded shared library C:\Program Files\Microsoft\jdk-17.0.13.11-hotspot\bin\extnet.dll
Event: 1.402 Loaded shared library C:\Program Files\Microsoft\jdk-17.0.13.11-hotspot\bin\sunmscapi.dll
Event: 134.017 Loaded shared library C:\Users\mr_sa\AppData\Local\Temp\native-platform212288640087619544dir\native-platform.dll
Event: 134.734 Loaded shared library C:\Program Files\Microsoft\jdk-17.0.13.11-hotspot\bin\rmi.dll

Deoptimization events (20 events):
Event: 233.963 Thread 0x000001e279b7e720 Uncommon trap: trap_request=0xffffffbe fr.pc=0x000001e2320665a0 relative=0x0000000000000760
Event: 233.963 Thread 0x000001e279b7e720 Uncommon trap: reason=profile_predicate action=maybe_recompile pc=0x000001e2320665a0 method=java.math.BigInteger.montReduce([I[III)[I @ 9 c2
Event: 233.963 Thread 0x000001e279b7e720 DEOPT PACKING pc=0x000001e2320665a0 sp=0x00000015131fb860
Event: 233.963 Thread 0x000001e279b7e720 DEOPT UNPACKING pc=0x000001e23177a1a3 sp=0x00000015131fb830 mode 2
Event: 233.964 Thread 0x000001e279b7e720 Uncommon trap: trap_request=0xffffffbe fr.pc=0x000001e2320665a0 relative=0x0000000000000760
Event: 233.964 Thread 0x000001e279b7e720 Uncommon trap: reason=profile_predicate action=maybe_recompile pc=0x000001e2320665a0 method=java.math.BigInteger.montReduce([I[III)[I @ 9 c2
Event: 233.965 Thread 0x000001e279b7e720 DEOPT PACKING pc=0x000001e2320665a0 sp=0x00000015131fb860
Event: 233.965 Thread 0x000001e279b7e720 DEOPT UNPACKING pc=0x000001e23177a1a3 sp=0x00000015131fb830 mode 2
Event: 233.969 Thread 0x000001e279b7e720 Uncommon trap: trap_request=0xffffff45 fr.pc=0x000001e23222f170 relative=0x0000000000000550
Event: 233.969 Thread 0x000001e279b7e720 Uncommon trap: reason=unstable_if action=reinterpret pc=0x000001e23222f170 method=java.util.ArrayList.toArray([Ljava/lang/Object;)[Ljava/lang/Object; @ 45 c2
Event: 233.970 Thread 0x000001e279b7e720 DEOPT PACKING pc=0x000001e23222f170 sp=0x00000015131fc1e0
Event: 233.970 Thread 0x000001e279b7e720 DEOPT UNPACKING pc=0x000001e23177a1a3 sp=0x00000015131fc1d8 mode 2
Event: 233.978 Thread 0x000001e279b7e720 Uncommon trap: trap_request=0xffffff45 fr.pc=0x000001e232b96384 relative=0x00000000000000e4
Event: 233.978 Thread 0x000001e279b7e720 Uncommon trap: reason=unstable_if action=reinterpret pc=0x000001e232b96384 method=java.time.LocalDate.create(III)Ljava/time/LocalDate; @ 10 c2
Event: 233.979 Thread 0x000001e279b7e720 DEOPT PACKING pc=0x000001e232b96384 sp=0x00000015131fb7d0
Event: 233.979 Thread 0x000001e279b7e720 DEOPT UNPACKING pc=0x000001e23177a1a3 sp=0x00000015131fb768 mode 2
Event: 234.083 Thread 0x000001e26f57fc60 DEOPT PACKING pc=0x000001e22d8ebfaf sp=0x00000015118f9d40
Event: 234.083 Thread 0x000001e26f57fc60 DEOPT UNPACKING pc=0x000001e23177ace3 sp=0x00000015118f91f8 mode 0
Event: 235.103 Thread 0x000001e26f57fc60 DEOPT PACKING pc=0x000001e22e8a7494 sp=0x00000015118fa150
Event: 235.103 Thread 0x000001e26f57fc60 DEOPT UNPACKING pc=0x000001e23177ace3 sp=0x00000015118f9810 mode 0

Classes loaded (20 events):
Event: 234.048 Loading class com/sun/crypto/provider/GaloisCounterMode$GCTRGHASH done
Event: 234.051 Loading class javax/net/ssl/HandshakeCompletedEvent
Event: 234.051 Loading class javax/net/ssl/HandshakeCompletedEvent done
Event: 234.052 Loading class sun/security/ssl/TransportContext$NotifyHandshake
Event: 234.052 Loading class sun/security/ssl/TransportContext$NotifyHandshake done
Event: 234.054 Loading class javax/net/ssl/SSLEngineResult$HandshakeStatus
Event: 234.054 Loading class sun/security/ssl/TransportContext$NotifyHandshake$1
Event: 234.054 Loading class javax/net/ssl/SSLEngineResult$HandshakeStatus done
Event: 234.055 Loading class sun/security/ssl/TransportContext$NotifyHandshake$1 done
Event: 234.056 Loading class jdk/internal/event/TLSHandshakeEvent
Event: 234.057 Loading class jdk/internal/event/TLSHandshakeEvent done
Event: 234.058 Loading class sun/net/www/protocol/http/AuthenticationInfo
Event: 234.059 Loading class sun/net/www/protocol/http/AuthCacheValue
Event: 234.059 Loading class sun/net/www/protocol/http/AuthCacheValue done
Event: 234.059 Loading class sun/net/www/protocol/http/AuthenticationInfo done
Event: 234.061 Loading class sun/net/www/protocol/http/AuthCacheImpl
Event: 234.061 Loading class sun/net/www/protocol/http/AuthCache
Event: 234.061 Loading class sun/net/www/protocol/http/AuthCache done
Event: 234.061 Loading class sun/net/www/protocol/http/AuthCacheImpl done
Event: 234.113 Loading class sun/security/ssl/PostHandshakeContext

Classes unloaded (20 events):
Event: 205.387 Thread 0x000001e245803b10 Unloading class 0x000001e2496bcff8 'jdk/internal/jimage/ImageHeader'
Event: 205.387 Thread 0x000001e245803b10 Unloading class 0x000001e2496bcdc8 'jdk/internal/jimage/BasicImageReader$2'
Event: 205.387 Thread 0x000001e245803b10 Unloading class 0x000001e2496bcb98 'jdk/internal/jimage/BasicImageReader$1'
Event: 205.387 Thread 0x000001e245803b10 Unloading class 0x000001e2496bc930 'jdk/internal/jimage/ImageReader$Resource'
Event: 205.387 Thread 0x000001e245803b10 Unloading class 0x000001e2496bc6c8 'jdk/internal/jimage/ImageReader$LinkNode'
Event: 205.387 Thread 0x000001e245803b10 Unloading class 0x000001e2496bc460 'jdk/internal/jimage/ImageReader$Directory'
Event: 205.387 Thread 0x000001e245803b10 Unloading class 0x000001e2496bc1f8 'jdk/internal/jimage/ImageReader$Node'
Event: 205.387 Thread 0x000001e245803b10 Unloading class 0x000001e2496bc000 'jdk/internal/jimage/ImageStrings'
Event: 205.387 Thread 0x000001e245803b10 Unloading class 0x000001e2496b5b50 'jdk/internal/jimage/ImageReader$SharedImageReader'
Event: 205.387 Thread 0x000001e245803b10 Unloading class 0x000001e2496b5890 'jdk/internal/jimage/BasicImageReader'
Event: 205.387 Thread 0x000001e245803b10 Unloading class 0x000001e2496b5670 'jdk/internal/jimage/ImageReader'
Event: 205.387 Thread 0x000001e245803b10 Unloading class 0x000001e2496b5448 'jdk/internal/jrtfs/SystemImage$2'
Event: 205.387 Thread 0x000001e245803b10 Unloading class 0x000001e2496b5230 'jdk/internal/jrtfs/SystemImage$$Lambda$4214+0x000001e2496b5230'
Event: 205.387 Thread 0x000001e245803b10 Unloading class 0x000001e2496b5000 'jdk/internal/jrtfs/ExplodedImage'
Event: 205.387 Thread 0x000001e245803b10 Unloading class 0x000001e2496b4dc8 'jdk/internal/jrtfs/SystemImage$1'
Event: 205.387 Thread 0x000001e245803b10 Unloading class 0x000001e2496b4bb0 'jdk/internal/jrtfs/SystemImage'
Event: 205.387 Thread 0x000001e245803b10 Unloading class 0x000001e2496b4950 'jdk/internal/jrtfs/JrtFileStore'
Event: 205.387 Thread 0x000001e245803b10 Unloading class 0x000001e2496b45d8 'jdk/internal/jrtfs/JrtPath'
Event: 205.387 Thread 0x000001e245803b10 Unloading class 0x000001e2496b42e0 'jdk/internal/jrtfs/JrtFileSystem'
Event: 205.387 Thread 0x000001e245803b10 Unloading class 0x000001e2496b4000 'jdk/internal/jrtfs/JrtFileSystemProvider'

Classes redefined (0 events):
No events

Internal exceptions (20 events):
Event: 224.092 Thread 0x000001e269021d20 Exception <a 'sun/nio/fs/WindowsException'{0x000000076ed4dc00}> (0x000000076ed4dc00) 
thrown [s\src\hotspot\share\prims\jni.cpp, line 516]
Event: 224.138 Thread 0x000001e26d7232f0 Exception <a 'sun/nio/fs/WindowsException'{0x000000076c397ab0}> (0x000000076c397ab0) 
thrown [s\src\hotspot\share\prims\jni.cpp, line 516]
Event: 224.258 Thread 0x000001e26d71d2c0 Exception <a 'sun/nio/fs/WindowsException'{0x00000007681ce8a0}> (0x00000007681ce8a0) 
thrown [s\src\hotspot\share\prims\jni.cpp, line 516]
Event: 224.727 Thread 0x000001e26901f4a0 Exception <a 'sun/nio/fs/WindowsException'{0x0000000753df3e18}> (0x0000000753df3e18) 
thrown [s\src\hotspot\share\prims\jni.cpp, line 516]
Event: 225.335 Thread 0x000001e268693fd0 Exception <a 'sun/nio/fs/WindowsException'{0x00000007340150f8}> (0x00000007340150f8) 
thrown [s\src\hotspot\share\prims\jni.cpp, line 516]
Event: 225.665 Thread 0x000001e269028c80 Exception <a 'java/lang/IncompatibleClassChangeError'{0x0000000765e17fa8}: Found class java.lang.Object, but interface was expected> (0x0000000765e17fa8) 
thrown [s\src\hotspot\share\interpreter\linkResolver.cpp, line 826]
Event: 225.809 Thread 0x000001e269028c80 Exception <a 'java/lang/NoSuchMethodError'{0x000000075d9094b8}: 'java.lang.Object java.lang.invoke.DirectMethodHandle$Holder.invokeStatic(java.lang.Object, int, java.lang.Object)'> (0x000000075d9094b8) 
thrown [s\src\hotspot\share\interpreter\linkResolver.cpp, line 759]
Event: 226.253 Thread 0x000001e269028c80 Implicit null exception at 0x000001e233122dbb to 0x000001e233123840
Event: 227.084 Thread 0x000001e26f57d3e0 Exception <a 'sun/nio/fs/WindowsException'{0x000000075de5e388}> (0x000000075de5e388) 
thrown [s\src\hotspot\share\prims\jni.cpp, line 516]
Event: 227.097 Thread 0x000001e2681a23f0 Exception <a 'sun/nio/fs/WindowsException'{0x000000075d43a9d0}> (0x000000075d43a9d0) 
thrown [s\src\hotspot\share\prims\jni.cpp, line 516]
Event: 227.273 Thread 0x000001e26f5829f0 Exception <a 'sun/nio/fs/WindowsException'{0x0000000756303550}> (0x0000000756303550) 
thrown [s\src\hotspot\share\prims\jni.cpp, line 516]
Event: 229.783 Thread 0x000001e279b7e720 Exception <a 'java/lang/NoSuchMethodError'{0x00000007701bca08}: 'void java.lang.invoke.DirectMethodHandle$Holder.invokeSpecialIFC(java.lang.Object, java.lang.Object, java.lang.Object)'> (0x00000007701bca08) 
thrown [s\src\hotspot\share\interpreter\linkResolver.cpp, line 759]
Event: 230.068 Thread 0x000001e279b80070 Implicit null exception at 0x000001e232536c6f to 0x000001e2325371b4
Event: 230.077 Thread 0x000001e26f581fd0 Exception <a 'sun/nio/fs/WindowsException'{0x000000075fd03be0}> (0x000000075fd03be0) 
thrown [s\src\hotspot\share\prims\jni.cpp, line 516]
Event: 231.593 Thread 0x000001e279b7e720 Exception <a 'java/lang/NoSuchMethodError'{0x000000074a661bd8}: 'java.lang.Object java.lang.invoke.DirectMethodHandle$Holder.invokeStatic(java.lang.Object, int, java.lang.Object, java.lang.Object, java.lang.Object)'> (0x000000074a661bd8) 
thrown [s\src\hotspot\share\interpreter\linkResolver.cpp, line 759]
Event: 231.911 Thread 0x000001e279b7e720 Exception <a 'sun/nio/fs/WindowsException'{0x00000007467469b8}> (0x00000007467469b8) 
thrown [s\src\hotspot\share\prims\jni.cpp, line 516]
Event: 231.934 Thread 0x000001e279b7e720 Implicit null exception at 0x000001e232268d08 to 0x000001e23226b330
Event: 231.936 Thread 0x000001e279b7e720 Implicit null exception at 0x000001e2332f1104 to 0x000001e2332f1584
Event: 231.987 Thread 0x000001e279b7e720 Implicit null exception at 0x000001e2332fceb0 to 0x000001e2332fcee8
Event: 232.167 Thread 0x000001e279b7e720 Implicit null exception at 0x000001e233309e28 to 0x000001e23330bc2c

VM Operations (20 events):
Event: 232.635 Executing VM operation: ICBufferFull done
Event: 232.852 Executing VM operation: ICBufferFull
Event: 232.875 Executing VM operation: ICBufferFull done
Event: 232.875 Executing VM operation: HandshakeAllThreads
Event: 232.875 Executing VM operation: HandshakeAllThreads done
Event: 232.885 Executing VM operation: G1CollectForAllocation
Event: 232.953 Executing VM operation: G1CollectForAllocation done
Event: 233.094 Executing VM operation: HandshakeAllThreads
Event: 233.099 Executing VM operation: HandshakeAllThreads done
Event: 233.173 Executing VM operation: ICBufferFull
Event: 233.173 Executing VM operation: ICBufferFull done
Event: 233.213 Executing VM operation: HandshakeAllThreads
Event: 233.214 Executing VM operation: HandshakeAllThreads done
Event: 233.417 Executing VM operation: ICBufferFull
Event: 233.418 Executing VM operation: ICBufferFull done
Event: 233.681 Executing VM operation: ICBufferFull
Event: 233.689 Executing VM operation: ICBufferFull done
Event: 233.989 Executing VM operation: ICBufferFull
Event: 233.991 Executing VM operation: ICBufferFull done
Event: 234.991 Executing VM operation: Cleanup

Memory protections (0 events):
No events

Nmethod flushes (20 events):
Event: 233.884 Thread 0x000001e245836910 flushing  nmethod 0x000001e22f3b9710
Event: 233.884 Thread 0x000001e245836910 flushing  nmethod 0x000001e22f3b9a90
Event: 233.884 Thread 0x000001e245836910 flushing  nmethod 0x000001e22f3bcc90
Event: 233.884 Thread 0x000001e245836910 flushing  nmethod 0x000001e22f3c2490
Event: 233.886 Thread 0x000001e245836910 flushing  nmethod 0x000001e22f3dc990
Event: 233.886 Thread 0x000001e245836910 flushing  nmethod 0x000001e22f3ddd90
Event: 233.886 Thread 0x000001e245836910 flushing  nmethod 0x000001e22f3e4d90
Event: 233.886 Thread 0x000001e245836910 flushing  nmethod 0x000001e22f3e9390
Event: 233.886 Thread 0x000001e245836910 flushing  nmethod 0x000001e22f3ea990
Event: 233.886 Thread 0x000001e245836910 flushing  nmethod 0x000001e22f3ec710
Event: 233.886 Thread 0x000001e245836910 flushing  nmethod 0x000001e22f3ed290
Event: 233.887 Thread 0x000001e245836910 flushing  nmethod 0x000001e22f3ff510
Event: 233.887 Thread 0x000001e245836910 flushing  nmethod 0x000001e22f406290
Event: 233.887 Thread 0x000001e245836910 flushing  nmethod 0x000001e22f40aa10
Event: 233.887 Thread 0x000001e245836910 flushing  nmethod 0x000001e22f40c010
Event: 233.887 Thread 0x000001e245836910 flushing  nmethod 0x000001e22f40c390
Event: 233.888 Thread 0x000001e245836910 flushing  nmethod 0x000001e22f425190
Event: 233.890 Thread 0x000001e245836910 flushing  nmethod 0x000001e22f45a690
Event: 233.893 Thread 0x000001e245836910 flushing  nmethod 0x000001e22f490f10
Event: 233.898 Thread 0x000001e245836910 flushing  nmethod 0x000001e22f4d1c10

Events (20 events):
Event: 201.697 Thread 0x000001e26902d360 Thread exited: 0x000001e26902d360
Event: 201.697 Thread 0x000001e275c3fc00 Thread exited: 0x000001e275c3fc00
Event: 201.697 Thread 0x000001e279b76890 Thread exited: 0x000001e279b76890
Event: 201.726 Thread 0x000001e24582bbb0 Thread added: 0x000001e277541ec0
Event: 201.752 Thread 0x000001e275486400 Thread added: 0x000001e277542eb0
Event: 202.139 Thread 0x000001e24582bbb0 Thread added: 0x000001e2775443f0
Event: 202.140 Thread 0x000001e26c38f090 Thread added: 0x000001e277545930
Event: 202.145 Thread 0x000001e26c38f090 Thread added: 0x000001e277545e80
Event: 202.145 Thread 0x000001e26c38f090 Thread added: 0x000001e2775463d0
Event: 202.148 Thread 0x000001e275486400 Thread added: 0x000001e277543400
Event: 202.458 Thread 0x000001e24582bbb0 Thread added: 0x000001e277546920
Event: 203.294 Thread 0x000001e277543400 Thread exited: 0x000001e277543400
Event: 203.340 Thread 0x000001e2775463d0 Thread exited: 0x000001e2775463d0
Event: 203.525 Thread 0x000001e268692b90 Thread added: 0x000001e279b828f0
Event: 203.541 Thread 0x000001e24582bbb0 Thread added: 0x000001e277547e60
Event: 203.543 Thread 0x000001e24582bbb0 Thread added: 0x000001e2775463d0
Event: 207.212 Thread 0x000001e269029bb0 Thread exited: 0x000001e269029bb0
Event: 208.548 Thread 0x000001e26868e9c0 Thread exited: 0x000001e26868e9c0
Event: 234.054 Thread 0x000001e279b7e720 Thread added: 0x000001e27a395cf0
Event: 234.056 Thread 0x000001e27a395cf0 Thread exited: 0x000001e27a395cf0


Dynamic libraries:
0x00007ff789a40000 - 0x00007ff789a4e000 	C:\Program Files\Microsoft\jdk-17.0.13.11-hotspot\bin\java.exe
0x00007ffe5d940000 - 0x00007ffe5dba7000 	C:\WINDOWS\SYSTEM32\ntdll.dll
0x00007ffe5bfe0000 - 0x00007ffe5c0a9000 	C:\WINDOWS\System32\KERNEL32.DLL
0x00007ffe5a590000 - 0x00007ffe5a984000 	C:\WINDOWS\System32\KERNELBASE.dll
0x00007ffe5ab00000 - 0x00007ffe5ac4b000 	C:\WINDOWS\System32\ucrtbase.dll
0x00007ffddda90000 - 0x00007ffdddaad000 	C:\Program Files\Microsoft\jdk-17.0.13.11-hotspot\bin\VCRUNTIME140.dll
0x00007ffdddab0000 - 0x00007ffdddac7000 	C:\Program Files\Microsoft\jdk-17.0.13.11-hotspot\bin\jli.dll
0x00007ffe5bd10000 - 0x00007ffe5bed5000 	C:\WINDOWS\System32\USER32.dll
0x00007ffe5a560000 - 0x00007ffe5a587000 	C:\WINDOWS\System32\win32u.dll
0x00007ffe3efb0000 - 0x00007ffe3f243000 	C:\WINDOWS\WinSxS\amd64_microsoft.windows.common-controls_6595b64144ccf1df_6.0.26100.8115_none_3e075c82e3354f9c\COMCTL32.dll
0x00007ffe5d040000 - 0x00007ffe5d06b000 	C:\WINDOWS\System32\GDI32.dll
0x00007ffe5cdd0000 - 0x00007ffe5ce79000 	C:\WINDOWS\System32\msvcrt.dll
0x00007ffe5a430000 - 0x00007ffe5a55b000 	C:\WINDOWS\System32\gdi32full.dll
0x00007ffe5a380000 - 0x00007ffe5a423000 	C:\WINDOWS\System32\msvcp_win.dll
0x00007ffe5b9d0000 - 0x00007ffe5ba02000 	C:\WINDOWS\System32\IMM32.DLL
0x00007ffe41a60000 - 0x00007ffe41a6c000 	C:\Program Files\Microsoft\jdk-17.0.13.11-hotspot\bin\vcruntime140_1.dll
0x00007ffddce90000 - 0x00007ffddcf1d000 	C:\Program Files\Microsoft\jdk-17.0.13.11-hotspot\bin\msvcp140.dll
0x00007ffd7c1f0000 - 0x00007ffd7ce61000 	C:\Program Files\Microsoft\jdk-17.0.13.11-hotspot\bin\server\jvm.dll
0x00007ffe5d570000 - 0x00007ffe5d626000 	C:\WINDOWS\System32\ADVAPI32.dll
0x00007ffe5b740000 - 0x00007ffe5b7e7000 	C:\WINDOWS\System32\sechost.dll
0x00007ffe5c0b0000 - 0x00007ffe5c1c8000 	C:\WINDOWS\System32\RPCRT4.dll
0x00007ffe5d6b0000 - 0x00007ffe5d730000 	C:\WINDOWS\System32\WS2_32.dll
0x00007ffe4bda0000 - 0x00007ffe4bdd6000 	C:\WINDOWS\SYSTEM32\WINMM.dll
0x00007ffe5a070000 - 0x00007ffe5a0ce000 	C:\WINDOWS\SYSTEM32\POWRPROF.dll
0x00007ffe4f200000 - 0x00007ffe4f20b000 	C:\WINDOWS\SYSTEM32\VERSION.dll
0x00007ffe5a050000 - 0x00007ffe5a064000 	C:\WINDOWS\SYSTEM32\UMPDC.dll
0x00007ffe58f70000 - 0x00007ffe58f8b000 	C:\WINDOWS\SYSTEM32\kernel.appcore.dll
0x00007ffe24e60000 - 0x00007ffe24e6a000 	C:\Program Files\Microsoft\jdk-17.0.13.11-hotspot\bin\jimage.dll
0x00007ffe58300000 - 0x00007ffe58542000 	C:\WINDOWS\SYSTEM32\DBGHELP.DLL
0x00007ffe5d1e0000 - 0x00007ffe5d562000 	C:\WINDOWS\System32\combase.dll
0x00007ffe5d070000 - 0x00007ffe5d148000 	C:\WINDOWS\System32\OLEAUT32.dll
0x00007ffe30a60000 - 0x00007ffe30a9b000 	C:\WINDOWS\SYSTEM32\dbgcore.DLL
0x00007ffe5aa50000 - 0x00007ffe5aaf5000 	C:\WINDOWS\System32\bcryptPrimitives.dll
0x00007ffddda60000 - 0x00007ffddda6e000 	C:\Program Files\Microsoft\jdk-17.0.13.11-hotspot\bin\instrument.dll
0x00007ffddda30000 - 0x00007ffddda55000 	C:\Program Files\Microsoft\jdk-17.0.13.11-hotspot\bin\java.dll
0x00007ffddc250000 - 0x00007ffddc327000 	C:\Program Files\Microsoft\jdk-17.0.13.11-hotspot\bin\jsvml.dll
0x00007ffe5c1d0000 - 0x00007ffe5c937000 	C:\WINDOWS\System32\SHELL32.dll
0x00007ffe5a210000 - 0x00007ffe5a37a000 	C:\WINDOWS\System32\wintypes.dll
0x00007ffe5ae60000 - 0x00007ffe5b6c8000 	C:\WINDOWS\System32\windows.storage.dll
0x00007ffe5bba0000 - 0x00007ffe5bc98000 	C:\WINDOWS\System32\SHCORE.dll
0x00007ffe5bca0000 - 0x00007ffe5bd06000 	C:\WINDOWS\System32\shlwapi.dll
0x00007ffe5a130000 - 0x00007ffe5a159000 	C:\WINDOWS\SYSTEM32\profapi.dll
0x00007ffddce10000 - 0x00007ffddce28000 	C:\Program Files\Microsoft\jdk-17.0.13.11-hotspot\bin\zip.dll
0x00007ffddc370000 - 0x00007ffddc38a000 	C:\Program Files\Microsoft\jdk-17.0.13.11-hotspot\bin\net.dll
0x00007ffe50710000 - 0x00007ffe5083d000 	C:\WINDOWS\SYSTEM32\WINHTTP.dll
0x00007ffe594f0000 - 0x00007ffe5955c000 	C:\WINDOWS\system32\mswsock.dll
0x00007ffddc230000 - 0x00007ffddc246000 	C:\Program Files\Microsoft\jdk-17.0.13.11-hotspot\bin\nio.dll
0x00007ffddda20000 - 0x00007ffddda30000 	C:\Program Files\Microsoft\jdk-17.0.13.11-hotspot\bin\verify.dll
0x00007ffddb730000 - 0x00007ffddb757000 	C:\Users\mr_sa\.gradle\native\c067742578af261105cb4f569cf0c3c89f3d7b1fecec35dd04571415982c5e48\windows-amd64\native-platform.dll
0x00007ffdda1e0000 - 0x00007ffdda324000 	C:\Users\mr_sa\.gradle\native\38dada09dfb8b06ba9b0570ebf7e218e3eb74d4ef43ca46872605cf95ebc2f47\windows-amd64\native-platform-file-events.dll
0x00007ffddd990000 - 0x00007ffddd99a000 	C:\Program Files\Microsoft\jdk-17.0.13.11-hotspot\bin\management.dll
0x00007ffddd980000 - 0x00007ffddd98b000 	C:\Program Files\Microsoft\jdk-17.0.13.11-hotspot\bin\management_ext.dll
0x00007ffe5b6d0000 - 0x00007ffe5b6d8000 	C:\WINDOWS\System32\PSAPI.DLL
0x00007ffe59800000 - 0x00007ffe5981b000 	C:\WINDOWS\SYSTEM32\CRYPTSP.dll
0x00007ffe58ed0000 - 0x00007ffe58f09000 	C:\WINDOWS\system32\rsaenh.dll
0x00007ffe595a0000 - 0x00007ffe595d3000 	C:\WINDOWS\SYSTEM32\USERENV.dll
0x00007ffe5a100000 - 0x00007ffe5a12a000 	C:\WINDOWS\SYSTEM32\bcrypt.dll
0x00007ffe597f0000 - 0x00007ffe597fc000 	C:\WINDOWS\SYSTEM32\CRYPTBASE.dll
0x00007ffe58940000 - 0x00007ffe58972000 	C:\WINDOWS\SYSTEM32\IPHLPAPI.DLL
0x00007ffe5ba20000 - 0x00007ffe5ba2a000 	C:\WINDOWS\System32\NSI.dll
0x00007ffe50440000 - 0x00007ffe5045d000 	C:\WINDOWS\SYSTEM32\dhcpcsvc6.DLL
0x00007ffe50410000 - 0x00007ffe50435000 	C:\WINDOWS\SYSTEM32\dhcpcsvc.DLL
0x00007ffe589d0000 - 0x00007ffe58b02000 	C:\WINDOWS\SYSTEM32\DNSAPI.dll
0x00007ffddd970000 - 0x00007ffddd979000 	C:\Program Files\Microsoft\jdk-17.0.13.11-hotspot\bin\extnet.dll
0x00007ffddd960000 - 0x00007ffddd96e000 	C:\Program Files\Microsoft\jdk-17.0.13.11-hotspot\bin\sunmscapi.dll
0x00007ffe5ac50000 - 0x00007ffe5adc7000 	C:\WINDOWS\System32\CRYPT32.dll
0x00007ffe59a10000 - 0x00007ffe59a40000 	C:\WINDOWS\SYSTEM32\ncrypt.dll
0x00007ffe599c0000 - 0x00007ffe599ff000 	C:\WINDOWS\SYSTEM32\NTASN1.dll
0x00007ffdc5350000 - 0x00007ffdc5358000 	C:\WINDOWS\system32\wshunix.dll
0x00007ffe2dc10000 - 0x00007ffe2dc28000 	C:\WINDOWS\system32\napinsp.dll
0x00007ffe2dbf0000 - 0x00007ffe2dc03000 	C:\WINDOWS\System32\winrnr.dll
0x00007ffe2dbc0000 - 0x00007ffe2dbe2000 	C:\WINDOWS\system32\nlansp_c.dll
0x00007ffe50970000 - 0x00007ffe50986000 	C:\WINDOWS\system32\wshbth.dll
0x00007ffe51310000 - 0x00007ffe5131b000 	C:\Windows\System32\rasadhlp.dll
0x00007ffe4f810000 - 0x00007ffe4f896000 	C:\WINDOWS\System32\fwpuclnt.dll
0x00007ffe59090000 - 0x00007ffe590c6000 	C:\WINDOWS\SYSTEM32\ntmarta.dll
0x00007ffe51640000 - 0x00007ffe5165e000 	C:\Users\mr_sa\AppData\Local\Temp\native-platform212288640087619544dir\native-platform.dll
0x00007ffe516b0000 - 0x00007ffe516b7000 	C:\Program Files\Microsoft\jdk-17.0.13.11-hotspot\bin\rmi.dll

dbghelp: loaded successfully - version: 4.0.5 - missing functions: none
symbol engine: initialized successfully - sym options: 0x614 - pdb path: .;C:\Program Files\Microsoft\jdk-17.0.13.11-hotspot\bin;C:\WINDOWS\SYSTEM32;C:\WINDOWS\WinSxS\amd64_microsoft.windows.common-controls_6595b64144ccf1df_6.0.26100.8115_none_3e075c82e3354f9c;C:\Program Files\Microsoft\jdk-17.0.13.11-hotspot\bin\server;C:\Users\mr_sa\.gradle\native\c067742578af261105cb4f569cf0c3c89f3d7b1fecec35dd04571415982c5e48\windows-amd64;C:\Users\mr_sa\.gradle\native\38dada09dfb8b06ba9b0570ebf7e218e3eb74d4ef43ca46872605cf95ebc2f47\windows-amd64;C:\Users\mr_sa\AppData\Local\Temp\native-platform212288640087619544dir

VM Arguments:
jvm_args: -XX:MaxMetaspaceSize=512m --add-opens=java.base/java.util=ALL-UNNAMED --add-opens=java.base/java.lang=ALL-UNNAMED --add-opens=java.base/java.lang.invoke=ALL-UNNAMED --add-opens=java.prefs/java.util.prefs=ALL-UNNAMED --add-opens=java.base/java.nio.charset=ALL-UNNAMED --add-opens=java.base/java.net=ALL-UNNAMED --add-opens=java.base/java.util.concurrent.atomic=ALL-UNNAMED -Xmx4096m -Dfile.encoding=windows-1252 -Duser.country=IN -Duser.language=en -Duser.variant -javaagent:C:\Users\mr_sa\.gradle\wrapper\dists\gradle-8.6-bin\afr5mpiioh2wthjmwnkmdsd5w\gradle-8.6\lib\agents\gradle-instrumentation-agent-8.6.jar 
java_command: org.gradle.launcher.daemon.bootstrap.GradleDaemon 8.6
java_class_path (initial): C:\Users\mr_sa\.gradle\wrapper\dists\gradle-8.6-bin\afr5mpiioh2wthjmwnkmdsd5w\gradle-8.6\lib\gradle-launcher-8.6.jar
Launcher Type: SUN_STANDARD

[Global flags]
     intx CICompilerCount                          = 12                                        {product} {ergonomic}
   size_t CompressedClassSpaceSize                 = 436207616                                 {product} {ergonomic}
     uint ConcGCThreads                            = 3                                         {product} {ergonomic}
     uint G1ConcRefinementThreads                  = 13                                        {product} {ergonomic}
   size_t G1HeapRegionSize                         = 2097152                                   {product} {ergonomic}
    uintx GCDrainStackTargetSize                   = 64                                        {product} {ergonomic}
   size_t InitialHeapSize                          = 264241152                                 {product} {ergonomic}
   size_t MarkStackSize                            = 4194304                                   {product} {ergonomic}
   size_t MaxHeapSize                              = 4294967296                                {product} {command line}
   size_t MaxMetaspaceSize                         = 536870912                                 {product} {command line}
   size_t MaxNewSize                               = 2575302656                                {product} {ergonomic}
   size_t MinHeapDeltaBytes                        = 2097152                                   {product} {ergonomic}
   size_t MinHeapSize                              = 8388608                                   {product} {ergonomic}
    uintx NonNMethodCodeHeapSize                   = 7602480                                {pd product} {ergonomic}
    uintx NonProfiledCodeHeapSize                  = 122027880                              {pd product} {ergonomic}
    uintx ProfiledCodeHeapSize                     = 122027880                              {pd product} {ergonomic}
    uintx ReservedCodeCacheSize                    = 251658240                              {pd product} {ergonomic}
     bool SegmentedCodeCache                       = true                                      {product} {ergonomic}
   size_t SoftMaxHeapSize                          = 4294967296                             {manageable} {ergonomic}
     bool UseCompressedClassPointers               = true                           {product lp64_product} {ergonomic}
     bool UseCompressedOops                        = true                           {product lp64_product} {ergonomic}
     bool UseG1GC                                  = true                                      {product} {ergonomic}
     bool UseLargePagesIndividualAllocation        = false                                  {pd product} {ergonomic}

Logging:
Log output configuration:
 #0: stdout all=warning uptime,level,tags
 #1: stderr all=off uptime,level,tags

Environment Variables:
JAVA_HOME=C:\Program Files\Microsoft\jdk-17.0.13.11-hotspot\
CLASSPATH=F:\react-netive\MyNewProject\android\\gradle\wrapper\gradle-wrapper.jar
PATH=c:\Users\mr_sa\AppData\Roaming\Code\User\globalStorage\github.copilot-chat\debugCommand;c:\Users\mr_sa\AppData\Roaming\Code\User\globalStorage\github.copilot-chat\copilotCli;C:\Users\mr_sa\AppData\Local\Programs\Microsoft VS Code;C:\Program Files\NVIDIA GPU Computing Toolkit\CUDA\v13.2\bin\x64;C:\Program Files\NVIDIA GPU Computing Toolkit\CUDA\v13.2\bin;C:\Program Files\NVIDIA GPU Computing Toolkit\CUDA\v13.0\bin\x64;C:\Program Files\NVIDIA GPU Computing Toolkit\CUDA\v13.0\bin;C:\Program Files\Microsoft\jdk-17.0.13.11-hotspot\bin;C:\Windows\system32;C:\Windows;C:\Windows\System32\Wbem;C:\Windows\System32\WindowsPowerShell\v1.0\;C:\Windows\System32\OpenSSH\;C:\Program Files (x86)\NVIDIA Corporation\PhysX\Common;C:\WINDOWS\system32;C:\WINDOWS;C:\WINDOWS\System32\Wbem;C:\WINDOWS\System32\WindowsPowerShell\v1.0\;C:\WINDOWS\System32\OpenSSH\;C:\Program Files\Git\cmd;F:\Xampp\php;C:\Program Files\dotnet\;F:\XAMPP 8.2\php;C:\ProgramData\ComposerSetup\bin;C:\Users\mr_sa\AppData\Roaming\nvm;C:\Program Files\nodejs;C:\ProgramData\chocolatey\bin;C:\Program Files\NVIDIA Corporation\NVIDIA app\NvDLISR;C:\Program Files\nodejs\;C:\Program Files\CMake\bin;C:\Users\mr_sa\AppData\Local\Programs\Python\Python312;c:\Users\mr_sa\AppData\Local\Programs\cursor\resources\app\bin;C:\Users\mr_sa\AppData\Local\Android\Sdk\platform-tools;C:\Users\mr_sa\AppData\Local\Android\Sdk\emulator;C:\Program Files\NVIDIA Corporation\Nsight Compute 2026.1.1\;C:\Users\mr_sa\AppData\Local\Programs\Python\Python313\Scripts\;C:\Users\mr_sa\AppData\Local\Programs\Python\Python313\;C:\Users\mr_sa\AppData\Local\Programs\Python\Launcher\;C:\Users\mr_sa\AppData\Local\Programs\Python\Python312\Scripts\;C:\Users\mr_sa\AppData\Local\Programs\Python\Python312\;C:\Users\mr_sa\AppData\Local\Microsoft\WindowsApps;C:\Users\mr_sa\AppData\Local\Programs\Microsoft VS Code\bin;C:\Users\mr_sa\AppData\Roaming\Composer\vendor\bin;C:\Users\mr_sa\AppData\Roaming\nvm;C:\Program Files\nodejs;C:\Users\mr_sa\AppData\Local\Microsoft\
USERNAME=mr_sa
LANG=en_US.UTF-8
OS=Windows_NT
PROCESSOR_IDENTIFIER=Intel64 Family 6 Model 141 Stepping 1, GenuineIntel
TMP=C:\Users\mr_sa\AppData\Local\Temp
TEMP=C:\Users\mr_sa\AppData\Local\Temp



Periodic native trim disabled


---------------  S Y S T E M  ---------------

OS:
 Windows 11 , 64 bit Build 26100 (10.0.26100.8246)
OS uptime: 0 days 2:47 hours
Hyper-V role detected

CPU: total 16 (initial active 16) (8 cores per cpu, 2 threads per core) family 6 model 141 stepping 1 microcode 0x34, cx8, cmov, fxsr, ht, mmx, 3dnowpref, sse, sse2, sse3, ssse3, sse4.1, sse4.2, popcnt, lzcnt, tsc, tscinvbit, avx, avx2, aes, erms, clmul, bmi1, bmi2, adx, avx512f, avx512dq, avx512cd, avx512bw, avx512vl, sha, fma, vzeroupper, avx512_vpopcntdq, avx512_vpclmulqdq, avx512_vaes, avx512_vnni, clflush, clflushopt, clwb, avx512_vbmi2, avx512_vbmi, hv
Processor Information for the first 16 processors :
  Max Mhz: 2304, Current Mhz: 2304, Mhz Limit: 2304

Memory: 4k page, system-wide physical 16085M (2218M free)
TotalPageFile size 24277M (AvailPageFile size 107M)
current process WorkingSet (physical memory assigned to process): 2693M, peak: 2696M
current process commit charge ("private bytes"): 2782M, peak: 2787M

vm_info: OpenJDK 64-Bit Server VM (17.0.13+11-LTS) for windows-amd64 JRE (17.0.13+11-LTS), built on Oct 11 2024 23:25:05 by "MicrosoftCorporation" with unknown MS VC++:1939

END.
